#name,ra,dec,elon,tau,elat,c1s1,c1s2,c1s3,c1s4,c1s5,c1s6,c1s7,c1s8,c1s9,c1s10,c1s11,c1s12,c1s13,c2s1,c2s2,c2s3,c2s4,c2s5,c2s6,c2s7,c2s8,c2s9,c2s10,c2s11,c2s12,c2s13
        "HD 95872 b",165.86711121,-22.093976974,176.30932617,-25.79060173,27.0,0,0,0,0,0,0,0,0,1,0,0,0,0,0,0,0,0,0,0,0,0,0,0,0,0,0
     "psi 1 Dra B b",265.49209595,72.156913757,103.75430298,84.186470032,297.0,0,0,0,0,0,0,0,0,0,0,0,0,0,4,4,0,4,4,4,4,4,4,4,4,4,0
         "HD 5583 b",14.486254692,34.985561371,27.679718018,26.393539429,27.0,0,0,0,0,0,0,0,0,0,0,0,0,0,0,0,0,1,0,0,0,0,0,0,0,0,0
      "BD+15 2375 b",176.48217773,14.616380692,170.8911438,11.999643326,27.0,0,0,0,0,0,0,0,0,0,0,0,0,0,0,0,0,0,0,0,0,0,1,0,0,0,0
       "HD 217107 c",344.5647583,-2.3953850269,344.85913086,3.866341114,0.0,0,0,0,0,0,0,0,0,0,0,0,0,0,0,0,0,0,0,0,0,0,0,0,0,0,0
       "HD 217786 b",345.78417969,-0.4296219945,346.74801636,5.2097411156,0.0,0,0,0,0,0,0,0,0,0,0,0,0,0,0,0,0,0,0,0,0,0,0,0,0,0,0
       "HD 218566 b",347.29470825,-2.2607419491,347.43145752,2.9362900257,0.0,0,0,0,0,0,0,0,0,0,0,0,0,0,0,0,0,0,0,0,0,0,0,0,0,0,0
       "HD 219415 b",348.72427368,56.730327606,23.521696091,54.073665619,54.0,0,0,0,0,0,0,0,0,0,0,0,0,0,0,0,3,3,0,0,0,0,0,0,0,0,0
       "HD 220074 b",350.05990601,61.970127106,30.869670868,57.365852356,54.0,0,0,0,0,0,0,0,0,0,0,0,0,0,0,0,3,3,0,0,0,0,0,0,0,0,0
       "HD 220689 b",351.47079468,-20.616029739,343.88537598,-15.535237312,27.0,0,1,0,0,0,0,0,0,0,0,0,0,0,0,0,0,0,0,0,0,0,0,0,0,0,0
       "HD 221287 b",352.83474731,-58.209732056,322.6859436,-48.912384033,27.0,2,0,0,0,0,0,0,0,0,0,0,0,0,0,0,0,0,0,0,0,0,0,0,0,0,0
       "HD 222155 b",354.50128174,48.996520996,20.371297836,45.840587616,27.0,0,0,0,0,0,0,0,0,0,0,0,0,0,0,0,2,0,0,0,0,0,0,0,0,0,0
       "HD 222582 b",355.46472168,-5.9857568741,353.46157837,-3.6920740604,0.0,0,0,0,0,0,0,0,0,0,0,0,0,0,0,0,0,0,0,0,0,0,0,0,0,0,0
       "HD 231701 b",293.01733398,16.474290848,298.27954102,37.680892944,0.0,0,0,0,0,0,0,0,0,0,0,0,0,0,0,0,0,0,0,0,0,0,0,0,0,0,0
       "HD 233604 b",137.4533844,53.568229675,122.43572998,35.340896606,27.0,0,0,0,0,0,0,0,0,0,0,0,0,0,0,0,0,0,0,0,2,0,0,0,0,0,0
       "HD 240237 b",348.92593384,58.043239594,25.18167305,54.972309113,54.0,0,0,0,0,0,0,0,0,0,0,0,0,0,0,0,3,3,0,0,0,0,0,0,0,0,0
       "HD 290327 b",80.839851379,-2.277618885,79.858299255,-25.394996643,0.0,0,0,0,0,0,0,0,0,0,0,0,0,0,0,0,0,0,0,0,0,0,0,0,0,0,0
       "HD 285507 b",61.755104065,15.335032463,62.711025238,-5.4685258865,0.0,0,0,0,0,0,0,0,0,0,0,0,0,0,0,0,0,0,0,0,0,0,0,0,0,0,0
       "HD 330075 b",237.40704346,-49.963523865,246.62763977,-29.13523674,27.0,0,0,0,0,0,0,0,0,0,0,0,1,0,0,0,0,0,0,0,0,0,0,0,0,0,0
        "HIP 5158 c",16.508533478,-22.45315361,5.7371268272,-27.05688858,27.0,0,0,1,0,0,0,0,0,0,0,0,0,0,0,0,0,0,0,0,0,0,0,0,0,0,0
       "HIP 12961 b",41.678691864,-23.086610794,30.532817841,-37.091152191,27.0,0,0,0,2,0,0,0,0,0,0,0,0,0,0,0,0,0,0,0,0,0,0,0,0,0,0
       "HIP 14810 c",47.80929184,21.097358704,51.13092041,3.1693630219,0.0,0,0,0,0,0,0,0,0,0,0,0,0,0,0,0,0,0,0,0,0,0,0,0,0,0,0
       "HIP 14810 d",47.80929184,21.097358704,51.13092041,3.1693630219,0.0,0,0,0,0,0,0,0,0,0,0,0,0,0,0,0,0,0,0,0,0,0,0,0,0,0,0
         "GJ 1148 b",175.43597412,42.751972198,156.14807129,36.838993073,27.0,0,0,0,0,0,0,0,0,0,0,0,0,0,0,0,0,0,0,0,0,2,0,0,0,0,0
       "HIP 57274 b",176.17068481,30.959293365,163.27087402,26.692285538,27.0,0,0,0,0,0,0,0,0,0,0,0,0,0,0,0,0,0,0,0,0,0,1,0,0,0,0
       "HIP 57274 d",176.17068481,30.959293365,163.27087402,26.692285538,27.0,0,0,0,0,0,0,0,0,0,0,0,0,0,0,0,0,0,0,0,0,0,1,0,0,0,0
       "HIP 63242 b",194.38316345,-65.646461487,228.80535889,-52.664432526,27.0,0,0,0,0,0,0,0,0,0,0,2,0,0,0,0,0,0,0,0,0,0,0,0,0,0,0
       "HIP 67851 c",208.46691895,-35.314361572,219.28367615,-22.064409256,27.0,0,0,0,0,0,0,0,0,0,0,1,0,0,0,0,0,0,0,0,0,0,0,0,0,0,0
        "HD 33844 b",78.150421143,-14.95111084,75.459793091,-37.794185638,27.0,0,0,0,0,2,0,0,0,0,0,0,0,0,0,0,0,0,0,0,0,0,0,0,0,0,0
        "HD 33844 c",78.150421143,-14.95111084,75.459793091,-37.794185638,27.0,0,0,0,0,2,0,0,0,0,0,0,0,0,0,0,0,0,0,0,0,0,0,0,0,0,0
       "HD 207832 c",328.15118408,-26.02655983,321.38879395,-12.354909897,27.0,1,0,0,0,0,0,0,0,0,0,0,0,0,0,0,0,0,0,0,0,0,0,0,0,0,0
       "HIP 70849 b",217.3273468,-46.463817596,230.79940796,-29.932401657,27.0,0,0,0,0,0,0,0,0,0,0,2,0,0,0,0,0,0,0,0,0,0,0,0,0,0,0
       "HD 183263 c",292.10238647,8.3580541611,295.42214966,29.867465973,0.0,0,0,0,0,0,0,0,0,0,0,0,0,0,0,0,0,0,0,0,0,0,0,0,0,0,0
       "HD 185269 b",294.29891968,28.499864578,303.56268311,49.146808624,27.0,0,0,0,0,0,0,0,0,0,0,0,0,0,2,0,0,0,0,0,0,0,0,0,0,0,0
       "HD 187085 b",297.39154053,-37.78055191,292.27877808,-16.4360466,27.0,0,0,0,0,0,0,0,0,0,0,0,0,1,0,0,0,0,0,0,0,0,0,0,0,0,0
       "HD 187123 b",296.74212646,34.419525146,309.45254517,54.25674057,27.0,0,0,0,0,0,0,0,0,0,0,0,0,0,3,0,0,0,0,0,0,0,0,0,0,0,0
       "HD 187123 c",296.74212646,34.419525146,309.45254517,54.25674057,27.0,0,0,0,0,0,0,0,0,0,0,0,0,0,3,0,0,0,0,0,0,0,0,0,0,0,0
       "HD 188015 b",298.0189209,28.100376129,308.17263794,47.894557953,27.0,0,0,0,0,0,0,0,0,0,0,0,0,0,2,0,0,0,0,0,0,0,0,0,0,0,0
       "HD 189733 b",300.18212891,22.710853577,308.74087524,42.176204681,27.0,0,0,0,0,0,0,0,0,0,0,0,0,0,2,0,0,0,0,0,0,0,0,0,0,0,0
       "HD 190360 b",300.90585327,29.89680481,312.60299683,48.867343903,27.0,0,0,0,0,0,0,0,0,0,0,0,0,0,2,0,0,0,0,0,0,0,0,0,0,0,0
       "HD 190360 c",300.90585327,29.89680481,312.60299683,48.867343903,27.0,0,0,0,0,0,0,0,0,0,0,0,0,0,2,0,0,0,0,0,0,0,0,0,0,0,0
       "HD 190984 b",302.87799072,-64.62046814,288.64343262,-43.294639587,27.0,0,0,0,0,0,0,0,0,0,0,0,0,2,0,0,0,0,0,0,0,0,0,0,0,0,0
       "HD 192263 b",303.49935913,-0.86687701941,305.59384155,18.528985977,27.0,0,0,0,0,0,0,0,0,0,0,0,0,0,1,0,0,0,0,0,0,0,0,0,0,0,0
       "HD 192310 b",303.82244873,-27.032976151,299.97213745,-7.0446639061,0.0,0,0,0,0,0,0,0,0,0,0,0,0,0,0,0,0,0,0,0,0,0,0,0,0,0,0
       "HD 195019 b",307.07763672,18.769496918,315.29083252,36.561706543,27.0,0,0,0,0,0,0,0,0,0,0,0,0,0,2,0,0,0,0,0,0,0,0,0,0,0,0
       "HD 196067 b",310.43371582,-75.350799561,286.2850647,-54.202178955,27.0,0,0,0,0,0,0,0,0,0,0,0,0,3,0,0,0,0,0,0,0,0,0,0,0,0,0
       "HD 196885 b",309.96615601,11.249649048,315.82675171,28.554519653,0.0,0,0,0,0,0,0,0,0,0,0,0,0,0,0,0,0,0,0,0,0,0,0,0,0,0,0
       "HD 200964 b",316.66601562,3.8031189442,320.33224487,19.464841843,27.0,0,0,0,0,0,0,0,0,0,0,0,0,0,1,0,0,0,0,0,0,0,0,0,0,0,0
       "HD 200964 c",316.66601562,3.8031189442,320.33224487,19.464841843,27.0,0,0,0,0,0,0,0,0,0,0,0,0,0,1,0,0,0,0,0,0,0,0,0,0,0,0
       "HD 202206 c",318.74069214,-20.789209366,314.83535767,-4.6115880013,0.0,0,0,0,0,0,0,0,0,0,0,0,0,0,0,0,0,0,0,0,0,0,0,0,0,0,0
       "HD 204313 b",322.0508728,-21.726255417,317.49435425,-6.4528679848,27.0,1,0,0,0,0,0,0,0,0,0,0,0,0,0,0,0,0,0,0,0,0,0,0,0,0,0
       "HD 204941 b",323.09796143,-20.957422256,318.67037964,-6.0338048935,27.0,1,0,0,0,0,0,0,0,0,0,0,0,0,0,0,0,0,0,0,0,0,0,0,0,0,0
       "HD 205739 b",324.53503418,-31.737483978,316.29873657,-16.638969421,27.0,1,0,0,0,0,0,0,0,0,0,0,0,0,0,0,0,0,0,0,0,0,0,0,0,0,0
       "HD 207832 b",328.15118408,-26.02655983,321.38879395,-12.354909897,27.0,1,0,0,0,0,0,0,0,0,0,0,0,0,0,0,0,0,0,0,0,0,0,0,0,0,0
       "HD 208487 b",329.33270264,-37.763622284,317.94009399,-23.670713425,27.0,1,0,0,0,0,0,0,0,0,0,0,0,0,0,0,0,0,0,0,0,0,0,0,0,0,0
       "HD 209458 b",330.79489136,18.884319305,340.35412598,28.724212646,27.0,0,0,0,0,0,0,0,0,0,0,0,0,0,0,1,0,0,0,0,0,0,0,0,0,0,0
       "HD 210277 b",332.37445068,-7.5486540794,331.64587402,3.5729570389,0.0,0,0,0,0,0,0,0,0,0,0,0,0,0,0,0,0,0,0,0,0,0,0,0,0,0,0
       "HD 212771 b",336.76278687,-17.263658524,332.14492798,-7.0313339233,27.0,0,1,0,0,0,0,0,0,0,0,0,0,0,0,0,0,0,0,0,0,0,0,0,0,0,0
        "HIP 8541 b",27.526374817,-54.464962006,351.47543335,-58.589546204,54.0,0,3,3,0,0,0,0,0,0,0,0,0,0,0,0,0,0,0,0,0,0,0,0,0,0,0
       "HIP 74890 b",229.57220459,-41.420570374,238.28431702,-22.329286575,27.0,0,0,0,0,0,0,0,0,0,0,1,0,0,0,0,0,0,0,0,0,0,0,0,0,0,0
       "HIP 79431 b",243.17405701,-18.87550354,244.70115662,2.2387049198,0.0,0,0,0,0,0,0,0,0,0,0,0,0,0,0,0,0,0,0,0,0,0,0,0,0,0,0
       "HIP 91258 b",279.22146606,61.702503204,313.85366821,83.704917908,297.0,0,0,0,0,0,0,0,0,0,0,0,0,0,0,4,4,4,4,4,4,4,4,4,0,4,4
       "HIP 97233 b",296.42196655,-0.69664502144,298.29812622,20.184503555,0.0,0,0,0,0,0,0,0,0,0,0,0,0,0,0,0,0,0,0,0,0,0,0,0,0,0,0
      "HIP 105854 b",321.5953064,-37.829429626,311.72314453,-21.563423157,27.0,1,0,0,0,0,0,0,0,0,0,0,0,0,0,0,0,0,0,0,0,0,0,0,0,0,0
          "HR 810 b",40.639442444,-50.800292969,8.2352752686,-61.014225006,54.0,0,3,3,0,0,0,0,0,0,0,0,0,0,0,0,0,0,0,0,0,0,0,0,0,0,0
         "kap CrB b",237.80804443,35.657382965,222.66732788,53.934913635,27.0,0,0,0,0,0,0,0,0,0,0,0,0,0,0,0,0,0,0,0,0,0,0,0,2,0,0
          "nu Oph c",269.75662231,-9.7736320496,269.75317383,13.66545105,27.0,0,0,0,0,0,0,0,0,0,0,0,0,0,0,0,0,0,0,0,0,0,0,0,0,0,1
         "omi CrB b",230.03565979,29.61620903,216.60339355,45.926845551,27.0,0,0,0,0,0,0,0,0,0,0,0,0,0,0,0,0,0,0,0,0,0,0,0,2,0,0
         "tau Boo b",206.81559753,17.456905365,197.93182373,26.513883591,27.0,0,0,0,0,0,0,0,0,0,0,0,0,0,0,0,0,0,0,0,0,0,0,1,0,0,0
         "ups And c",24.199344635,41.405460358,38.550201416,28.980316162,0.0,0,0,0,0,0,0,0,0,0,0,0,0,0,0,0,0,0,0,0,0,0,0,0,0,0,0
       "Kepler-48 e",299.13922119,40.949020386,316.86618042,59.736938477,27.0,0,0,0,0,0,0,0,0,0,0,0,0,0,3,0,0,0,0,0,0,0,0,0,0,0,0
       "Wolf 1061 b",247.57524109,-12.662593842,247.85797119,9.0695905685,27.0,0,0,0,0,0,0,0,0,0,0,0,0,0,0,0,0,0,0,0,0,0,0,0,0,1,0
       "Wolf 1061 c",247.57524109,-12.662593842,247.85797119,9.0695905685,27.0,0,0,0,0,0,0,0,0,0,0,0,0,0,0,0,0,0,0,0,0,0,0,0,0,1,0
       "Wolf 1061 d",247.57524109,-12.662593842,247.85797119,9.0695905685,27.0,0,0,0,0,0,0,0,0,0,0,0,0,0,0,0,0,0,0,0,0,0,0,0,0,1,0
        "HAT-P-44 c",213.14407349,47.014686584,185.10813904,55.029441833,54.0,0,0,0,0,0,0,0,0,0,0,0,0,0,0,0,0,0,0,0,0,0,3,3,0,0,0
          "HD 142 b",1.5798979998,-49.075191498,336.55487061,-44.459587097,27.0,0,2,0,0,0,0,0,0,0,0,0,0,0,0,0,0,0,0,0,0,0,0,0,0,0,0
          "HD 142 c",1.5798979998,-49.075191498,336.55487061,-44.459587097,27.0,0,2,0,0,0,0,0,0,0,0,0,0,0,0,0,0,0,0,0,0,0,0,0,0,0,0
         "HD 1502 b",4.8211097717,14.054755211,10.055057526,10.974919319,27.0,0,0,0,0,0,0,0,0,0,0,0,0,0,0,0,1,0,0,0,0,0,0,0,0,0,0
         "HD 1605 b",5.1313300133,30.974803925,17.854797363,26.211696625,27.0,0,0,0,0,0,0,0,0,0,0,0,0,0,0,0,1,0,0,0,0,0,0,0,0,0,0
         "HD 1666 b",5.2180848122,-19.931224823,356.50646973,-20.290000916,0.0,0,0,0,0,0,0,0,0,0,0,0,0,0,0,0,0,0,0,0,0,0,0,0,0,0,0
         "HD 1690 b",5.3054971695,-8.2811689377,1.5498169661,-9.7031297684,27.0,0,0,1,0,0,0,0,0,0,0,0,0,0,0,0,0,0,0,0,0,0,0,0,0,0,0
         "HD 2039 b",6.0844907761,-56.650047302,332.97689819,-52.146057129,54.0,2,2,0,0,0,0,0,0,0,0,0,0,0,0,0,0,0,0,0,0,0,0,0,0,0,0
         "HD 2638 b",7.4994659424,-5.7640018463,4.5899438858,-8.2676811218,27.0,0,0,1,0,0,0,0,0,0,0,0,0,0,0,0,0,0,0,0,0,0,0,0,0,0,0
         "HD 3651 b",9.8408584595,21.250473022,17.544425964,15.615188599,27.0,0,0,0,0,0,0,0,0,0,0,0,0,0,0,0,1,0,0,0,0,0,0,0,0,0,0
         "HD 4113 b",10.80248642,-37.982631683,351.96710205,-38.564964294,27.0,0,2,0,0,0,0,0,0,0,0,0,0,0,0,0,0,0,0,0,0,0,0,0,0,0,0
         "HD 4203 b",11.171675682,20.448926926,18.385702133,14.378730774,27.0,0,0,0,0,0,0,0,0,0,0,0,0,0,0,0,1,0,0,0,0,0,0,0,0,0,0
         "HD 4208 b",11.111042976,-26.515680313,358.73596191,-28.567644119,27.0,0,0,1,0,0,0,0,0,0,0,0,0,0,0,0,0,0,0,0,0,0,0,0,0,0,0
         "HD 4308 b",11.163615227,-65.649520874,324.44268799,-60.182941437,54.0,3,3,0,0,0,0,0,0,0,0,0,0,0,0,0,0,0,0,0,0,0,0,0,0,0,0
         "HD 4732 b",12.308116913,-24.136671066,1.016692996,-26.907550812,27.0,0,0,1,0,0,0,0,0,0,0,0,0,0,0,0,0,0,0,0,0,0,0,0,0,0,0
         "HD 5319 c",13.755835533,0.78955298662,12.966323853,-4.6997179985,0.0,0,0,0,0,0,0,0,0,0,0,0,0,0,0,0,0,0,0,0,0,0,0,0,0,0,0
         "HD 5608 b",14.559246063,33.950885773,27.247688293,25.432718277,27.0,0,0,0,0,0,0,0,0,0,0,0,0,0,0,0,0,1,0,0,0,0,0,0,0,0,0
         "HD 5891 b",15.138299942,20.292484283,21.830257416,12.753808022,27.0,0,0,0,0,0,0,0,0,0,0,0,0,0,0,0,1,0,0,0,0,0,0,0,0,0,0
         "HD 7924 c",20.496313095,76.710281372,64.962486267,59.417209625,27.0,0,0,0,0,0,0,0,0,0,0,0,0,0,0,0,0,0,3,0,0,0,0,0,0,0,0
         "HD 6434 b",16.167295456,-39.4882164,355.69515991,-41.983997345,54.0,0,2,2,0,0,0,0,0,0,0,0,0,0,0,0,0,0,0,0,0,0,0,0,0,0,0
         "HD 7199 b",17.696762085,-66.188163757,326.83932495,-62.647987366,54.0,3,3,0,0,0,0,0,0,0,0,0,0,0,0,0,0,0,0,0,0,0,0,0,0,0,0
         "HD 8535 b",20.90514946,-41.269802094,358.66888428,-45.386192322,54.0,0,2,2,0,0,0,0,0,0,0,0,0,0,0,0,0,0,0,0,0,0,0,0,0,0,0
         "HD 7449 b",18.622173309,-5.0473871231,15.221055984,-11.96111393,27.0,0,0,1,0,0,0,0,0,0,0,0,0,0,0,0,0,0,0,0,0,0,0,0,0,0,0
         "HD 7924 b",20.496313095,76.710281372,64.962486267,59.417209625,27.0,0,0,0,0,0,0,0,0,0,0,0,0,0,0,0,0,0,3,0,0,0,0,0,0,0,0
         "HD 8574 b",21.302152634,28.566692352,30.54945755,18.168222427,27.0,0,0,0,0,0,0,0,0,0,0,0,0,0,0,0,0,1,0,0,0,0,0,0,0,0,0
         "HD 9446 b",23.334100723,29.265148163,32.55973053,18.123477936,0.0,0,0,0,0,0,0,0,0,0,0,0,0,0,0,0,0,0,0,0,0,0,0,0,0,0,0
         "HD 9446 c",23.334100723,29.265148163,32.55973053,18.123477936,0.0,0,0,0,0,0,0,0,0,0,0,0,0,0,0,0,0,0,0,0,0,0,0,0,0,0,0
        "HD 10180 d",24.473234177,-60.511528015,340.44338989,-61.611312866,54.0,3,3,0,0,0,0,0,0,0,0,0,0,0,0,0,0,0,0,0,0,0,0,0,0,0,0
        "HD 10180 e",24.473234177,-60.511528015,340.44338989,-61.611312866,54.0,3,3,0,0,0,0,0,0,0,0,0,0,0,0,0,0,0,0,0,0,0,0,0,0,0,0
        "HD 10180 f",24.473234177,-60.511528015,340.44338989,-61.611312866,54.0,3,3,0,0,0,0,0,0,0,0,0,0,0,0,0,0,0,0,0,0,0,0,0,0,0,0
        "HD 10180 h",24.473234177,-60.511528015,340.44338989,-61.611312866,54.0,3,3,0,0,0,0,0,0,0,0,0,0,0,0,0,0,0,0,0,0,0,0,0,0,0,0
        "HD 10442 b",25.471456528,2.7043759823,24.601512909,-7.3302779198,0.0,0,0,0,0,0,0,0,0,0,0,0,0,0,0,0,0,0,0,0,0,0,0,0,0,0,0
        "HD 10697 b",26.232603073,20.083148956,31.559799194,8.62200737,27.0,0,0,0,0,0,0,0,0,0,0,0,0,0,0,0,0,1,0,0,0,0,0,0,0,0,0
        "HD 11506 b",28.210557938,-19.506975174,18.379472733,-28.921348572,27.0,0,0,1,0,0,0,0,0,0,0,0,0,0,0,0,0,0,0,0,0,0,0,0,0,0,0
        "HD 11506 c",28.210557938,-19.506975174,18.379472733,-28.921348572,27.0,0,0,1,0,0,0,0,0,0,0,0,0,0,0,0,0,0,0,0,0,0,0,0,0,0,0
        "HD 11977 b",28.733880997,-67.64730072,329.02874756,-67.112190247,54.0,3,3,0,0,0,0,0,0,0,0,0,0,0,0,0,0,0,0,0,0,0,0,0,0,0,0
        "HD 11964 c",29.290025711,-10.242427826,23.376195908,-20.771644592,27.0,0,0,1,0,0,0,0,0,0,0,0,0,0,0,0,0,0,0,0,0,0,0,0,0,0,0
        "HD 12661 c",31.142866135,25.414304733,37.783653259,12.001375198,27.0,0,0,0,0,0,0,0,0,0,0,0,0,0,0,0,0,1,0,0,0,0,0,0,0,0,0
        "HD 13189 b",32.417381287,32.316436768,41.370910645,18.075437546,0.0,0,0,0,0,0,0,0,0,0,0,0,0,0,0,0,0,0,0,0,0,0,0,0,0,0,0
        "HD 13908 c",34.560665131,65.594360352,59.483211517,47.9243927,27.0,0,0,0,0,0,0,0,0,0,0,0,0,0,0,0,0,0,2,0,0,0,0,0,0,0,0
        "HD 13931 b",34.197414398,43.772994995,47.313884735,28.247457504,27.0,0,0,0,0,0,0,0,0,0,0,0,0,0,0,0,0,1,0,0,0,0,0,0,0,0,0
        "HD 16141 b",38.833034515,-3.5606019497,35.251583099,-17.813848495,0.0,0,0,0,0,0,0,0,0,0,0,0,0,0,0,0,0,0,0,0,0,0,0,0,0,0,0
        "HD 16175 b",39.257961273,42.062633514,50.507068634,25.326833725,27.0,0,0,0,0,0,0,0,0,0,0,0,0,0,0,0,0,1,0,0,0,0,0,0,0,0,0
        "HD 17156 b",42.43536377,71.753234863,67.987945557,51.934677124,27.0,0,0,0,0,0,0,0,0,0,0,0,0,0,0,0,0,0,2,0,0,0,0,0,0,0,0
        "HD 18742 b",45.044406891,-20.802602768,35.184627533,-36.084777832,27.0,0,0,0,2,0,0,0,0,0,0,0,0,0,0,0,0,0,0,0,0,0,0,0,0,0,0
        "HD 20794 b",49.981876373,-43.069782257,27.223466873,-58.111755371,54.0,0,0,3,3,0,0,0,0,0,0,0,0,0,0,0,0,0,0,0,0,0,0,0,0,0,0
        "HD 20794 d",49.981876373,-43.069782257,27.223466873,-58.111755371,54.0,0,0,3,3,0,0,0,0,0,0,0,0,0,0,0,0,0,0,0,0,0,0,0,0,0,0
        "HD 20782 b",50.014907837,-28.854070663,36.976764679,-45.210697174,27.0,0,0,0,2,0,0,0,0,0,0,0,0,0,0,0,0,0,0,0,0,0,0,0,0,0,0
        "HD 20868 b",50.177894592,-33.730102539,34.435199738,-49.777259827,27.0,0,0,0,2,0,0,0,0,0,0,0,0,0,0,0,0,0,0,0,0,0,0,0,0,0,0
        "HD 23127 b",54.848495483,-60.077842712,5.8536310196,-73.219978333,81.0,0,3,3,3,0,0,0,0,0,0,0,0,0,0,0,0,0,0,0,0,0,0,0,0,0,0
        "HD 23079 b",54.929561615,-52.915836334,21.354621887,-68.160568237,54.0,0,0,3,3,0,0,0,0,0,0,0,0,0,0,0,0,0,0,0,0,0,0,0,0,0,0
        "HD 22781 b",55.206356049,31.826290131,60.298152924,11.904652596,27.0,0,0,0,0,0,0,0,0,0,0,0,0,0,0,0,0,0,1,0,0,0,0,0,0,0,0
        "HD 23596 b",57.001556396,40.530635834,63.856777191,20.039434433,27.0,0,0,0,0,0,0,0,0,0,0,0,0,0,0,0,0,0,1,0,0,0,0,0,0,0,0
        "HD 24040 b",57.59569931,17.476366043,59.225013733,-2.5680060387,0.0,0,0,0,0,0,0,0,0,0,0,0,0,0,0,0,0,0,0,0,0,0,0,0,0,0,0
        "HD 25171 b",58.956001282,-65.186676025,351.80459595,-77.370147705,243.0,4,3,4,4,0,0,4,4,0,4,4,0,4,0,0,0,0,0,0,0,0,0,0,0,0,0
        "HD 27442 b",64.120956421,-59.302154541,19.607366562,-76.317588806,162.0,0,4,3,3,4,0,0,4,0,0,0,4,0,0,0,0,0,0,0,0,0,0,0,0,0,0
        "HD 27631 b",64.939460754,-41.960266113,48.182350159,-61.810180664,54.0,0,0,0,3,3,0,0,0,0,0,0,0,0,0,0,0,0,0,0,0,0,0,0,0,0,0
        "HD 27894 b",65.196029663,-59.410835266,20.870296478,-76.79284668,243.0,4,4,3,3,4,0,0,4,4,0,4,4,0,0,0,0,0,0,0,0,0,0,0,0,0,0
        "HD 28254 b",66.211273193,-50.622192383,41.341854095,-70.071044922,81.0,0,0,3,3,3,0,0,0,0,0,0,0,0,0,0,0,0,0,0,0,0,0,0,0,0,0
        "HD 28678 b",67.856056213,4.5752868652,66.851448059,-17.1021595,27.0,0,0,0,0,1,0,0,0,0,0,0,0,0,0,0,0,0,0,0,0,0,0,0,0,0,0
        "HD 30177 b",70.476554871,-58.020755768,34.261444092,-77.634170532,270.0,0,4,4,3,4,4,0,4,4,4,0,4,4,0,0,0,0,0,0,0,0,0,0,0,0,0
        "HD 30669 b",72.118690491,-28.419298172,64.981643677,-50.317058563,27.0,0,0,0,0,2,0,0,0,0,0,0,0,0,0,0,0,0,0,0,0,0,0,0,0,0,0
        "HD 30856 b",72.574424744,-24.368839264,66.695297241,-46.408237457,27.0,0,0,0,0,2,0,0,0,0,0,0,0,0,0,0,0,0,0,0,0,0,0,0,0,0,0
        "HD 32518 b",77.402999878,69.639404297,83.673919678,46.476589203,54.0,0,0,0,0,0,0,0,0,0,0,0,0,0,0,0,0,0,2,2,0,0,0,0,0,0,0
        "HD 33142 b",76.898086548,-13.986479759,74.076087952,-36.704299927,27.0,0,0,0,0,2,0,0,0,0,0,0,0,0,0,0,0,0,0,0,0,0,0,0,0,0,0
       "Kepler-93 c",291.41827393,38.672355652,304.27856445,59.58864975,54.0,0,0,0,0,0,0,0,0,0,0,0,0,0,3,0,0,0,0,0,0,0,0,0,0,0,3
       "Kepler-97 c",287.32662964,48.673431396,305.11660767,70.008476257,54.0,0,0,0,0,0,0,0,0,0,0,0,0,0,3,0,0,0,0,0,0,0,0,0,0,0,3
         "bet UMi b",222.67636108,74.155502319,133.31948853,72.987594604,108.0,0,0,0,0,0,0,0,0,0,0,0,0,0,0,0,0,0,0,3,3,3,3,0,0,0,0
         "eps Tau b",67.154167175,19.180431366,68.465042114,-2.5671610832,0.0,0,0,0,0,0,0,0,0,0,0,0,0,0,0,0,0,0,0,0,0,0,0,0,0,0,0
        "HD 33564 b",80.639717102,79.231147766,86.893356323,55.892841339,54.0,0,0,0,0,0,0,0,0,0,0,0,0,0,0,0,0,0,3,3,0,0,0,0,0,0,0
        "HD 34445 b",79.42074585,7.3533430099,79.098014832,-15.686472893,0.0,0,0,0,0,0,0,0,0,0,0,0,0,0,0,0,0,0,0,0,0,0,0,0,0,0,0
        "HD 37605 b",85.007209778,6.0605788231,84.799629211,-17.288627625,27.0,0,0,0,0,0,1,0,0,0,0,0,0,0,0,0,0,0,0,0,0,0,0,0,0,0,0
        "HD 38283 b",84.258407593,-73.69934082,282.60568237,-82.60761261,297.0,4,4,0,4,4,4,4,4,4,4,4,4,0,0,0,0,0,0,0,0,0,0,0,0,0,0
        "HD 38529 b",86.645469666,1.1681929827,86.376548767,-22.228914261,27.0,0,0,0,0,0,1,0,0,0,0,0,0,0,0,0,0,0,0,0,0,0,0,0,0,0,0
        "HD 38529 c",86.645469666,1.1681929827,86.376548767,-22.228914261,27.0,0,0,0,0,0,1,0,0,0,0,0,0,0,0,0,0,0,0,0,0,0,0,0,0,0,0
        "HD 39091 b",84.291213989,-80.46912384,273.90765381,-76.013931274,162.0,4,0,0,4,0,0,0,4,0,0,4,3,3,0,0,0,0,0,0,0,0,0,0,0,0,0
        "HD 40307 b",88.517669678,-60.023471832,83.514335632,-83.429374695,324.0,4,4,4,4,4,4,4,4,0,4,4,4,4,0,0,0,0,0,0,0,0,0,0,0,0,0
        "HD 40307 d",88.517669678,-60.023471832,83.514335632,-83.429374695,324.0,4,4,4,4,4,4,4,4,0,4,4,4,4,0,0,0,0,0,0,0,0,0,0,0,0,0
        "HD 40307 f",88.517669678,-60.023471832,83.514335632,-83.429374695,324.0,4,4,4,4,4,4,4,4,0,4,4,4,4,0,0,0,0,0,0,0,0,0,0,0,0,0
        "HD 40979 b",91.124763489,44.260444641,90.861801147,20.824518204,27.0,0,0,0,0,0,0,0,0,0,0,0,0,0,0,0,0,0,0,1,0,0,0,0,0,0,0
        "HD 43197 b",93.398590088,-29.897270203,94.930732727,-53.278408051,27.0,0,0,0,0,0,2,0,0,0,0,0,0,0,0,0,0,0,0,0,0,0,0,0,0,0,0
        "HD 44219 b",95.059677124,-10.725008965,96.003814697,-34.05891037,27.0,0,0,0,0,0,2,0,0,0,0,0,0,0,0,0,0,0,0,0,0,0,0,0,0,0,0
        "HD 45364 b",96.410316467,-31.480953217,99.486206055,-54.709354401,54.0,0,0,0,0,0,3,3,0,0,0,0,0,0,0,0,0,0,0,0,0,0,0,0,0,0,0
        "HD 45350 b",97.190460205,38.962963104,95.80141449,15.668367386,27.0,0,0,0,0,0,0,0,0,0,0,0,0,0,0,0,0,0,0,1,0,0,0,0,0,0,0
        "HD 45652 b",97.304962158,10.933891296,97.341598511,-12.319426537,27.0,0,0,0,0,0,1,0,0,0,0,0,0,0,0,0,0,0,0,0,0,0,0,0,0,0,0
        "HD 46375 b",98.302597046,5.4629249573,98.6796875,-17.726556778,0.0,0,0,0,0,0,0,0,0,0,0,0,0,0,0,0,0,0,0,0,0,0,0,0,0,0,0
        "HD 47186 b",99.036613464,-27.622297287,102.68257904,-50.664493561,54.0,0,0,0,0,0,2,2,0,0,0,0,0,0,0,0,0,0,0,0,0,0,0,0,0,0,0
        "HD 47536 b",99.448410034,-32.339733124,104.10749054,-55.317253113,54.0,0,0,0,0,0,3,3,0,0,0,0,0,0,0,0,0,0,0,0,0,0,0,0,0,0,0
        "HD 48265 b",100.00719452,-48.541954041,110.97618103,-71.253288269,81.0,0,0,0,0,0,3,3,3,0,0,0,0,0,0,0,0,0,0,0,0,0,0,0,0,0,0
        "HD 50499 b",103.00843811,-33.915561676,109.76325226,-56.465801239,54.0,0,0,0,0,0,3,3,0,0,0,0,0,0,0,0,0,0,0,0,0,0,0,0,0,0,0
        "HD 50554 b",103.67843628,24.245557785,102.45531464,1.3957550526,0.0,0,0,0,0,0,0,0,0,0,0,0,0,0,0,0,0,0,0,0,0,0,0,0,0,0,0
        "HD 60532 b",113.51325226,-22.296066284,120.46705627,-43.280029297,27.0,0,0,0,0,0,0,2,0,0,0,0,0,0,0,0,0,0,0,0,0,0,0,0,0,0,0
        "HD 60532 c",113.51325226,-22.296066284,120.46705627,-43.280029297,27.0,0,0,0,0,0,0,2,0,0,0,0,0,0,0,0,0,0,0,0,0,0,0,0,0,0,0
        "HD 62509 b",116.3289566,28.026199341,113.21563721,6.6841878891,27.0,0,0,0,0,0,0,0,0,0,0,0,0,0,0,0,0,0,0,0,1,0,0,0,0,0,0
        "HD 63765 b",116.95716095,-54.264144897,149.69459534,-72.141288757,81.0,0,0,0,0,0,0,3,3,3,0,0,0,0,0,0,0,0,0,0,0,0,0,0,0,0,0
        "HD 65216 b",118.42217255,-63.647323608,179.52915955,-77.8022995,324.0,4,4,4,4,4,0,4,4,3,4,4,4,4,0,0,0,0,0,0,0,0,0,0,0,0,0
        "HD 66141 b",120.56640625,2.3345708847,122.24281311,-17.748813629,0.0,0,0,0,0,0,0,0,0,0,0,0,0,0,0,0,0,0,0,0,0,0,0,0,0,0,0
        "HD 66428 b",120.86943817,-1.1627089977,123.35588837,-21.098630905,27.0,0,0,0,0,0,0,1,0,0,0,0,0,0,0,0,0,0,0,0,0,0,0,0,0,0,0
        "HD 67087 c",121.91564941,31.551319122,117.32846832,11.090120316,27.0,0,0,0,0,0,0,0,0,0,0,0,0,0,0,0,0,0,0,0,1,0,0,0,0,0,0
        "HD 68988 b",124.59238434,61.460723877,110.90062714,40.5079422,27.0,0,0,0,0,0,0,0,0,0,0,0,0,0,0,0,0,0,0,0,2,0,0,0,0,0,0
        "HD 69830 c",124.59977722,-12.632173538,130.4485321,-31.342002869,27.0,0,0,0,0,0,0,2,0,0,0,0,0,0,0,0,0,0,0,0,0,0,0,0,0,0,0
        "HD 69830 d",124.59977722,-12.632173538,130.4485321,-31.342002869,27.0,0,0,0,0,0,0,2,0,0,0,0,0,0,0,0,0,0,0,0,0,0,0,0,0,0,0
        "HD 70642 b",125.36723328,-39.705410004,144.17330933,-56.686290741,27.0,0,0,0,0,0,0,0,3,0,0,0,0,0,0,0,0,0,0,0,0,0,0,0,0,0,0
        "HD 72659 b",128.51329041,-1.5682170391,131.37199402,-19.647867203,27.0,0,0,0,0,0,0,1,0,0,0,0,0,0,0,0,0,0,0,0,0,0,0,0,0,0,0
        "HD 73267 b",129.07406616,-34.459980011,145.1260376,-50.692508698,27.0,0,0,0,0,0,0,0,2,0,0,0,0,0,0,0,0,0,0,0,0,0,0,0,0,0,0
        "HD 73526 b",129.31867981,-41.319103241,150.38970947,-56.813270569,54.0,0,0,0,0,0,0,0,3,3,0,0,0,0,0,0,0,0,0,0,0,0,0,0,0,0,0
        "HD 73534 b",129.81584167,12.960375786,128.80462646,-5.277616024,0.0,0,0,0,0,0,0,0,0,0,0,0,0,0,0,0,0,0,0,0,0,0,0,0,0,0,0
        "HD 74156 b",130.60467529,4.5780968666,131.78045654,-13.167856216,27.0,0,0,0,0,0,0,1,0,0,0,0,0,0,0,0,0,0,0,0,0,0,0,0,0,0,0
        "HD 74156 c",130.60467529,4.5780968666,131.78045654,-13.167856216,27.0,0,0,0,0,0,0,1,0,0,0,0,0,0,0,0,0,0,0,0,0,0,0,0,0,0,0
        "HD 75784 b",133.0997467,13.23343277,131.82759094,-4.1691670418,0.0,0,0,0,0,0,0,0,0,0,0,0,0,0,0,0,0,0,0,0,0,0,0,0,0,0,0
        "HD 75898 b",133.46168518,33.056812286,126.64138031,14.979535103,27.0,0,0,0,0,0,0,0,0,0,0,0,0,0,0,0,0,0,0,0,1,0,0,0,0,0,0
        "HD 77338 b",135.30206299,-25.527061462,147.35560608,-40.379653931,27.0,0,0,0,0,0,0,0,2,0,0,0,0,0,0,0,0,0,0,0,0,0,0,0,0,0,0
        "HD 79498 b",138.78916931,23.375549316,134.09649658,7.0917167664,0.0,0,0,0,0,0,0,0,0,0,0,0,0,0,0,0,0,0,0,0,0,0,0,0,0,0,0
        "HD 81040 b",140.94619751,20.364454269,136.93843079,4.8369121552,0.0,0,0,0,0,0,0,0,0,0,0,0,0,0,0,0,0,0,0,0,0,0,0,0,0,0,0
           "4 UMa b",130.05340576,64.327934265,112.81330872,44.028064728,27.0,0,0,0,0,0,0,0,0,0,0,0,0,0,0,0,0,0,0,0,2,0,0,0,0,0,0
           "7 CMa b",99.17098999,-19.255878448,101.74191284,-42.32207489,27.0,0,0,0,0,0,2,0,0,0,0,0,0,0,0,0,0,0,0,0,0,0,0,0,0,0,0
          "11 Com b",185.17927551,17.792867661,177.4223938,18.33376503,27.0,0,0,0,0,0,0,0,0,0,0,0,0,0,0,0,0,0,0,0,0,0,1,0,0,0,0
          "11 UMi b",229.27453613,71.823898315,141.6471405,74.958183289,162.0,0,0,0,0,0,0,0,0,0,0,0,0,0,0,0,4,0,0,4,3,3,3,0,0,0,4
          "14 And b",352.8225708,39.236198425,11.962116241,38.229938507,27.0,0,0,0,0,0,0,0,0,0,0,0,0,0,0,0,2,0,0,0,0,0,0,0,0,0,0
          "14 Her b",242.6013031,43.817646027,223.24873352,62.879798889,54.0,0,0,0,0,0,0,0,0,0,0,0,0,0,0,0,0,0,0,0,0,0,0,3,3,0,0
        "16 Cyg B b",295.46655273,50.517524719,321.2180481,69.46836853,54.0,0,0,0,0,0,0,0,0,0,0,0,0,0,3,3,0,0,0,0,0,0,0,0,0,0,0
          "18 Del b",314.60806274,10.839285851,320.59121704,26.786857605,27.0,0,0,0,0,0,0,0,0,0,0,0,0,0,1,0,0,0,0,0,0,0,0,0,0,0,0
          "24 Sex b",155.86820984,-0.90224397182,157.99359131,-10.198147774,27.0,0,0,0,0,0,0,0,1,0,0,0,0,0,0,0,0,0,0,0,0,0,0,0,0,0,0
          "42 Dra b",276.49639893,65.563484192,342.26708984,87.183387756,297.0,0,0,0,0,0,0,0,0,0,0,0,0,0,4,0,4,4,4,4,4,4,4,4,4,0,4
          "47 UMa c",164.86656189,40.43025589,149.06985474,31.061607361,27.0,0,0,0,0,0,0,0,0,0,0,0,0,0,0,0,0,0,0,0,0,2,0,0,0,0,0
          "47 UMa d",164.86656189,40.43025589,149.06985474,31.061607361,27.0,0,0,0,0,0,0,0,0,0,0,0,0,0,0,0,0,0,0,0,0,2,0,0,0,0,0
          "55 Cnc b",133.1492157,28.330818176,127.73245239,10.367085457,27.0,0,0,0,0,0,0,0,0,0,0,0,0,0,0,0,0,0,0,0,1,0,0,0,0,0,0
          "55 Cnc c",133.1492157,28.330818176,127.73245239,10.367085457,27.0,0,0,0,0,0,0,0,0,0,0,0,0,0,0,0,0,0,0,0,1,0,0,0,0,0,0
          "55 Cnc e",133.1492157,28.330818176,127.73245239,10.367085457,27.0,0,0,0,0,0,0,0,0,0,0,0,0,0,0,0,0,0,0,0,1,0,0,0,0,0,0
          "55 Cnc f",133.1492157,28.330818176,127.73245239,10.367085457,27.0,0,0,0,0,0,0,0,0,0,0,0,0,0,0,0,0,0,0,0,1,0,0,0,0,0,0
          "61 Vir b",199.60131836,-18.311195374,205.00720215,-9.2978086472,27.0,0,0,0,0,0,0,0,0,0,1,0,0,0,0,0,0,0,0,0,0,0,0,0,0,0,0
          "61 Vir c",199.60131836,-18.311195374,205.00720215,-9.2978086472,27.0,0,0,0,0,0,0,0,0,0,1,0,0,0,0,0,0,0,0,0,0,0,0,0,0,0,0
          "70 Vir b",202.10754395,13.778787613,194.9708252,21.340774536,27.0,0,0,0,0,0,0,0,0,0,0,0,0,0,0,0,0,0,0,0,0,0,0,1,0,0,0
          "81 Cet b",39.424167633,-3.3961749077,35.893928528,-17.849554062,0.0,0,0,0,0,0,0,0,0,0,0,0,0,0,0,0,0,0,0,0,0,0,0,0,0,0,0
          "GJ 163 b",62.315273285,-53.373699188,30.835617065,-71.166854858,81.0,0,0,3,3,3,0,0,0,0,0,0,0,0,0,0,0,0,0,0,0,0,0,0,0,0,0
          "GJ 163 c",62.315273285,-53.373699188,30.835617065,-71.166854858,81.0,0,0,3,3,3,0,0,0,0,0,0,0,0,0,0,0,0,0,0,0,0,0,0,0,0,0
          "GJ 163 d",62.315273285,-53.373699188,30.835617065,-71.166854858,81.0,0,0,3,3,3,0,0,0,0,0,0,0,0,0,0,0,0,0,0,0,0,0,0,0,0,0
          "GJ 317 b",130.24673462,-23.456289291,140.75965881,-40.070148468,27.0,0,0,0,0,0,0,0,2,0,0,0,0,0,0,0,0,0,0,0,0,0,0,0,0,0,0
          "GJ 433 b",173.86228943,-32.539970398,188.90046692,-31.961933136,27.0,0,0,0,0,0,0,0,0,0,2,0,0,0,0,0,0,0,0,0,0,0,0,0,0,0,0
          "GJ 436 b",175.54621887,26.706569672,164.7736969,22.627727509,27.0,0,0,0,0,0,0,0,0,0,0,0,0,0,0,0,0,0,0,0,0,0,1,0,0,0,0
          "GJ 581 b",229.86177063,-7.7222800255,229.5216217,10.256543159,27.0,0,0,0,0,0,0,0,0,0,0,0,0,0,0,0,0,0,0,0,0,0,0,0,1,0,0
          "GJ 581 c",229.86177063,-7.7222800255,229.5216217,10.256543159,27.0,0,0,0,0,0,0,0,0,0,0,0,0,0,0,0,0,0,0,0,0,0,0,0,1,0,0
          "GJ 649 b",254.53688049,25.744159698,248.94168091,48.059288025,27.0,0,0,0,0,0,0,0,0,0,0,0,0,0,0,0,0,0,0,0,0,0,0,0,0,2,0
        "GJ 667 C b",259.74508667,-34.996826172,261.42987061,-11.862119675,27.0,0,0,0,0,0,0,0,0,0,0,0,1,0,0,0,0,0,0,0,0,0,0,0,0,0,0
        "GJ 667 C c",259.74508667,-34.996826172,261.42987061,-11.862119675,27.0,0,0,0,0,0,0,0,0,0,0,0,1,0,0,0,0,0,0,0,0,0,0,0,0,0,0
        "GJ 667 C f",259.74508667,-34.996826172,261.42987061,-11.862119675,27.0,0,0,0,0,0,0,0,0,0,0,0,1,0,0,0,0,0,0,0,0,0,0,0,0,0,0
        "GJ 667 C g",259.74508667,-34.996826172,261.42987061,-11.862119675,27.0,0,0,0,0,0,0,0,0,0,0,0,1,0,0,0,0,0,0,0,0,0,0,0,0,0,0
        "GJ 676 A b",262.54669189,-51.636978149,264.75204468,-28.333379745,27.0,0,0,0,0,0,0,0,0,0,0,0,1,0,0,0,0,0,0,0,0,0,0,0,0,0,0
        "GJ 676 A d",262.54669189,-51.636978149,264.75204468,-28.333379745,27.0,0,0,0,0,0,0,0,0,0,0,0,1,0,0,0,0,0,0,0,0,0,0,0,0,0,0
          "GJ 687 b",264.10791016,68.339141846,139.09896851,87.126487732,297.0,0,0,0,0,0,0,0,0,0,0,0,0,0,0,4,4,4,4,4,4,4,4,4,0,4,4
          "GJ 832 c",323.39157104,-49.0090065,308.6192627,-32.47492218,27.0,2,0,0,0,0,0,0,0,0,0,0,0,0,0,0,0,0,0,0,0,0,0,0,0,0,0
          "GJ 849 b",332.41812134,-4.6407289505,332.71948242,6.2773928642,27.0,0,0,0,0,0,0,0,0,0,0,0,0,0,0,1,0,0,0,0,0,0,0,0,0,0,0
          "GJ 876 c",343.31973267,-14.263699532,339.16921997,-6.6266617775,27.0,0,1,0,0,0,0,0,0,0,0,0,0,0,0,0,0,0,0,0,0,0,0,0,0,0,0
          "GJ 876 d",343.31973267,-14.263699532,339.16921997,-6.6266617775,27.0,0,1,0,0,0,0,0,0,0,0,0,0,0,0,0,0,0,0,0,0,0,0,0,0,0,0
         "GJ 3021 b",4.0528230667,-79.85118103,294.81506348,-65.241401672,27.0,3,0,0,0,0,0,0,0,0,0,0,0,0,0,0,0,0,0,0,0,0,0,0,0,0,0
         "GJ 3293 b",67.14881897,-25.169300079,59.472877502,-46.216159821,27.0,0,0,0,0,2,0,0,0,0,0,0,0,0,0,0,0,0,0,0,0,0,0,0,0,0,0
         "GJ 3293 c",67.14881897,-25.169300079,59.472877502,-46.216159821,27.0,0,0,0,0,2,0,0,0,0,0,0,0,0,0,0,0,0,0,0,0,0,0,0,0,0,0
         "GJ 3341 b",78.944664001,-31.295951843,73.767616272,-54.114028931,54.0,0,0,0,0,3,3,0,0,0,0,0,0,0,0,0,0,0,0,0,0,0,0,0,0,0,0
        "HD 81688 b",142.16662598,45.601482391,129.18310547,29.00138092,27.0,0,0,0,0,0,0,0,0,0,0,0,0,0,0,0,0,0,0,0,1,0,0,0,0,0,0
       "HD 101930 b",175.87545776,-58.006885529,209.77987671,-52.493606567,54.0,0,0,0,0,0,0,0,0,0,2,2,0,0,0,0,0,0,0,0,0,0,0,0,0,0,0
        "HD 82943 c",143.71139526,-12.129546165,150.42010498,-25.021198273,27.0,0,0,0,0,0,0,0,1,0,0,0,0,0,0,0,0,0,0,0,0,0,0,0,0,0,0
        "HD 82886 b",143.93826294,34.780742645,134.7191925,19.332263947,27.0,0,0,0,0,0,0,0,0,0,0,0,0,0,0,0,0,0,0,0,0,1,0,0,0,0,0
        "HD 83443 b",144.29928589,-43.272205353,168.79182434,-52.93120575,27.0,0,0,0,0,0,0,0,0,2,0,0,0,0,0,0,0,0,0,0,0,0,0,0,0,0,0
        "HD 85512 b",147.77938843,-43.502788544,172.48054504,-51.759613037,0.0,0,0,0,0,0,0,0,0,0,0,0,0,0,0,0,0,0,0,0,0,0,0,0,0,0,0
        "HD 86081 b",149.0246582,-3.8084220886,152.53196716,-15.37950325,27.0,0,0,0,0,0,0,0,1,0,0,0,0,0,0,0,0,0,0,0,0,0,0,0,0,0,0
        "HD 86226 b",149.12435913,-24.09939003,161.15708923,-34.122528076,27.0,0,0,0,0,0,0,0,0,2,0,0,0,0,0,0,0,0,0,0,0,0,0,0,0,0,0
        "HD 87883 b",152.17974854,34.242259979,141.6809845,21.272058487,27.0,0,0,0,0,0,0,0,0,0,0,0,0,0,0,0,0,0,0,0,0,1,0,0,0,0,0
        "HD 88133 b",152.53198242,18.186870575,148.02572632,6.4335999489,27.0,0,0,0,0,0,0,0,0,0,0,0,0,0,0,0,0,0,0,0,0,1,0,0,0,0,0
        "HD 89744 b",155.54400635,41.229530334,141.33258057,28.740385056,27.0,0,0,0,0,0,0,0,0,0,0,0,0,0,0,0,0,0,0,0,0,1,0,0,0,0,0
        "HD 90156 b",155.98031616,-29.645528793,170.85289001,-36.479675293,27.0,0,0,0,0,0,0,0,0,2,0,0,0,0,0,0,0,0,0,0,0,0,0,0,0,0,0
        "HD 93083 b",161.08714294,-33.577022552,177.98214722,-37.940193176,27.0,0,0,0,0,0,0,0,0,2,0,0,0,0,0,0,0,0,0,0,0,0,0,0,0,0,0
        "HD 95127 b",164.89619446,43.814464569,147.26205444,34.083812714,27.0,0,0,0,0,0,0,0,0,0,0,0,0,0,0,0,0,0,0,0,0,2,0,0,0,0,0
        "HD 96063 b",166.18522644,-2.513217926,168.27052307,-7.7657251358,27.0,0,0,0,0,0,0,0,0,1,0,0,0,0,0,0,0,0,0,0,0,0,0,0,0,0,0
        "HD 96167 b",166.31278992,-10.291300774,171.5194397,-14.86361599,27.0,0,0,0,0,0,0,0,0,1,0,0,0,0,0,0,0,0,0,0,0,0,0,0,0,0,0
        "HD 97658 b",168.63818359,25.710384369,159.20747375,19.112174988,0.0,0,0,0,0,0,0,0,0,0,0,0,0,0,0,0,0,0,0,0,0,0,0,0,0,0,0
        "HD 98219 b",169.44813538,-23.975414276,180.5177002,-26.063825607,27.0,0,0,0,0,0,0,0,0,1,0,0,0,0,0,0,0,0,0,0,0,0,0,0,0,0,0
        "HD 99109 b",171.07232666,-1.5290759802,172.40275574,-4.944480896,0.0,0,0,0,0,0,0,0,0,0,0,0,0,0,0,0,0,0,0,0,0,0,0,0,0,0,0
        "HD 99492 b",171.69282532,3.0063281059,171.18502808,-0.53132802248,0.0,0,0,0,0,0,0,0,0,0,0,0,0,0,0,0,0,0,0,0,0,0,0,0,0,0,0
        "HD 99706 b",172.12588501,43.966579437,152.7868042,36.707458496,27.0,0,0,0,0,0,0,0,0,0,0,0,0,0,0,0,0,0,0,0,0,2,0,0,0,0,0
       "HD 100655 b",173.76564026,20.441545486,165.99775696,16.257541656,27.0,0,0,0,0,0,0,0,0,0,0,0,0,0,0,0,0,0,0,0,0,0,1,0,0,0,0
       "HD 100777 b",173.9646759,-4.7556967735,176.35368347,-6.7619719505,27.0,0,0,0,0,0,0,0,0,1,0,0,0,0,0,0,0,0,0,0,0,0,0,0,0,0,0
          "91 Aqr b",348.97290039,-9.0877370834,346.30865479,-4.0015921593,0.0,0,0,0,0,0,0,0,0,0,0,0,0,0,0,0,0,0,0,0,0,0,0,0,0,0,0
         "alf Ari b",31.793363571,23.462423325,37.662490845,9.9651136398,27.0,0,0,0,0,0,0,0,0,0,0,0,0,0,0,0,0,1,0,0,0,0,0,0,0,0,0
         "bet Cnc b",124.12883759,9.1855449677,124.25732422,-10.287594795,27.0,0,0,0,0,0,0,1,0,0,0,0,0,0,0,0,0,0,0,0,0,0,0,0,0,0,0
         "eps Eri b",53.232685089,-9.4582624435,48.167762756,-27.715766907,27.0,0,0,0,1,0,0,0,0,0,0,0,0,0,0,0,0,0,0,0,0,0,0,0,0,0,0
         "eps CrB b",239.3968811,26.877880096,229.11791992,46.068645477,27.0,0,0,0,0,0,0,0,0,0,0,0,0,0,0,0,0,0,0,0,0,0,0,0,2,0,0
       "gam 1 Leo b",154.9931488,19.841487885,149.61505127,8.8148641586,27.0,0,0,0,0,0,0,0,0,0,0,0,0,0,0,0,0,0,0,0,0,1,0,0,0,0,0
         "gam Cep b",354.83688354,77.632278442,60.092906952,64.669807434,27.0,0,0,0,0,0,0,0,0,0,0,0,0,0,0,0,0,0,3,0,0,0,0,0,0,0,0
          "mu Leo b",148.19090271,26.006952286,141.43002319,12.348861694,27.0,0,0,0,0,0,0,0,0,0,0,0,0,0,0,0,0,0,0,0,0,1,0,0,0,0,0
          "nu Oph b",269.75662231,-9.7736320496,269.75317383,13.66545105,27.0,0,0,0,0,0,0,0,0,0,0,0,0,0,0,0,0,0,0,0,0,0,0,0,0,0,1
         "ome Ser b",237.57310486,2.1965088844,234.76530457,21.75705719,27.0,0,0,0,0,0,0,0,0,0,0,0,0,0,0,0,0,0,0,0,0,0,0,0,1,0,0
         "omi UMa b",127.56612396,60.718170166,112.99581146,40.243400574,27.0,0,0,0,0,0,0,0,0,0,0,0,0,0,0,0,0,0,0,0,2,0,0,0,0,0,0
         "tau Gem b",107.78488159,30.245162964,105.44431305,7.754447937,0.0,0,0,0,0,0,0,0,0,0,0,0,0,0,0,0,0,0,0,0,0,0,0,0,0,0,0
         "ups And b",24.199344635,41.405460358,38.550201416,28.980316162,0.0,0,0,0,0,0,0,0,0,0,0,0,0,0,0,0,0,0,0,0,0,0,0,0,0,0,0
         "ups And d",24.199344635,41.405460358,38.550201416,28.980316162,0.0,0,0,0,0,0,0,0,0,0,0,0,0,0,0,0,0,0,0,0,0,0,0,0,0,0,0
          "xi Aql b",298.56201172,8.4614515305,302.63305664,28.722431183,27.0,0,0,0,0,0,0,0,0,0,0,0,0,0,1,0,0,0,0,0,0,0,0,0,0,0,0
       "HD 175607 b",285.27285767,-66.192680359,278.38702393,-43.197479248,27.0,0,0,0,0,0,0,0,0,0,0,0,0,2,0,0,0,0,0,0,0,0,0,0,0,0,0
       "HD 219134 f",348.32073975,57.168354034,23.742752075,54.546604156,54.0,0,0,0,0,0,0,0,0,0,0,0,0,0,0,0,3,3,0,0,0,0,0,0,0,0,0
       "HD 219134 g",348.32073975,57.168354034,23.742752075,54.546604156,54.0,0,0,0,0,0,0,0,0,0,0,0,0,0,0,0,3,3,0,0,0,0,0,0,0,0,0
       "HD 219134 h",348.32073975,57.168354034,23.742752075,54.546604156,54.0,0,0,0,0,0,0,0,0,0,0,0,0,0,0,0,3,3,0,0,0,0,0,0,0,0,0
         "GJ 3634 b",164.64624023,-31.143989563,179.84802246,-34.378376007,27.0,0,0,0,0,0,0,0,0,2,0,0,0,0,0,0,0,0,0,0,0,0,0,0,0,0,0
       "BD+48 738 b",40.710224152,49.586959839,54.573322296,32.03024292,27.0,0,0,0,0,0,0,0,0,0,0,0,0,0,0,0,0,0,2,0,0,0,0,0,0,0,0
       "BD+49 828 b",45.640529633,49.730010986,58.151802063,31.078590393,27.0,0,0,0,0,0,0,0,0,0,0,0,0,0,0,0,0,0,2,0,0,0,0,0,0,0,0
       "HD 114729 b",198.18440247,-31.873348236,209.32362366,-22.274921417,27.0,0,0,0,0,0,0,0,0,0,1,0,0,0,0,0,0,0,0,0,0,0,0,0,0,0,0
       "HD 102117 b",176.21025085,-58.703708649,210.75195312,-52.905216217,54.0,0,0,0,0,0,0,0,0,0,2,3,0,0,0,0,0,0,0,0,0,0,0,0,0,0,0
       "HD 102195 b",176.42622375,2.8214828968,175.60011292,1.1687730551,0.0,0,0,0,0,0,0,0,0,0,0,0,0,0,0,0,0,0,0,0,0,0,0,0,0,0,0
       "HD 102272 b",176.59806824,14.123986244,171.20001221,11.595111847,27.0,0,0,0,0,0,0,0,0,0,0,0,0,0,0,0,0,0,0,0,0,0,1,0,0,0,0
       "HD 102329 b",176.6943512,3.4742929935,175.58651733,1.8742159605,0.0,0,0,0,0,0,0,0,0,0,0,0,0,0,0,0,0,0,0,0,0,0,0,0,0,0,0
       "HD 102956 b",177.84379578,57.640735626,146.46472168,50.084793091,0.0,0,0,0,0,0,0,0,0,0,0,0,0,0,0,0,0,0,0,0,0,0,0,0,0,0,0
       "HD 103197 b",178.2207489,-50.292823792,204.26268005,-45.538982391,27.0,0,0,0,0,0,0,0,0,0,2,0,0,0,0,0,0,0,0,0,0,0,0,0,0,0,0
       "HD 103720 b",179.17160034,-2.7789530754,180.34628296,-2.8789710999,0.0,0,0,0,0,0,0,0,0,0,0,0,0,0,0,0,0,0,0,0,0,0,0,0,0,0,0
       "HD 104067 b",179.79170227,-20.353780746,188.20730591,-18.691387177,27.0,0,0,0,0,0,0,0,0,0,1,0,0,0,0,0,0,0,0,0,0,0,0,0,0,0,0
       "HD 104985 b",181.31298828,76.905731201,120.62030792,63.597354889,27.0,0,0,0,0,0,0,0,0,0,0,0,0,0,0,0,0,0,0,0,3,0,0,0,0,0,0
       "HD 106270 b",183.40534973,-9.5133810043,186.92030334,-7.3734869957,0.0,0,0,0,0,0,0,0,0,0,0,0,0,0,0,0,0,0,0,0,0,0,0,0,0,0,0
     "HD 106515 A b",183.77735901,-7.2573270798,186.35317993,-5.1582112312,0.0,0,0,0,0,0,0,0,0,0,0,0,0,0,0,0,0,0,0,0,0,0,0,0,0,0,0
       "HD 108147 b",186.44277954,-64.022087097,222.77366638,-53.632587433,27.0,0,0,0,0,0,0,0,0,0,0,2,0,0,0,0,0,0,0,0,0,0,0,0,0,0,0
       "HD 108341 b",186.88079834,-71.422973633,232.49186707,-58.70407486,54.0,0,0,0,0,0,0,0,0,0,0,3,3,0,0,0,0,0,0,0,0,0,0,0,0,0,0
       "HD 108874 b",187.61201477,22.879829407,177.32388306,23.907566071,27.0,0,0,0,0,0,0,0,0,0,0,0,0,0,0,0,0,0,0,0,0,0,1,0,0,0,0
       "HD 108874 c",187.61201477,22.879829407,177.32388306,23.907566071,27.0,0,0,0,0,0,0,0,0,0,0,0,0,0,0,0,0,0,0,0,0,0,1,0,0,0,0
       "HD 109246 b",188.029953,74.489547729,127.18678284,64.01750946,54.0,0,0,0,0,0,0,0,0,0,0,0,0,0,0,0,0,0,0,0,3,3,0,0,0,0,0
       "HD 109271 c",188.39814758,-11.621868134,192.30619812,-7.3496260643,27.0,0,0,0,0,0,0,0,0,0,1,0,0,0,0,0,0,0,0,0,0,0,0,0,0,0,0
       "HD 109749 b",189.3182373,-40.812114716,206.50247192,-33.428878784,27.0,0,0,0,0,0,0,0,0,0,2,0,0,0,0,0,0,0,0,0,0,0,0,0,0,0,0
       "HD 111232 b",192.21563721,-68.42514801,230.8405304,-55.310874939,27.0,0,0,0,0,0,0,0,0,0,0,3,0,0,0,0,0,0,0,0,0,0,0,0,0,0,0
       "HD 113538 b",196.23948669,-52.4429245,218.8710022,-41.263618469,27.0,0,0,0,0,0,0,0,0,0,0,2,0,0,0,0,0,0,0,0,0,0,0,0,0,0,0
       "HD 113538 c",196.23948669,-52.4429245,218.8710022,-41.263618469,27.0,0,0,0,0,0,0,0,0,0,0,2,0,0,0,0,0,0,0,0,0,0,0,0,0,0,0
       "HD 114386 b",197.66592407,-35.054782867,210.3323822,-25.350160599,27.0,0,0,0,0,0,0,0,0,0,1,0,0,0,0,0,0,0,0,0,0,0,0,0,0,0,0
       "HD 114762 b",198.08226013,17.517122269,189.50837708,23.196840286,27.0,0,0,0,0,0,0,0,0,0,0,0,0,0,0,0,0,0,0,0,0,0,0,1,0,0,0
        "BD-17 63 b",7.1429419518,-16.226345062,359.90304565,-17.689941406,0.0,0,0,0,0,0,0,0,0,0,0,0,0,0,0,0,0,0,0,0,0,0,0,0,0,0,0
      "BD-13 2130 b",114.28845978,-13.906639099,119.14064789,-34.921188354,27.0,0,0,0,0,0,0,2,0,0,0,0,0,0,0,0,0,0,0,0,0,0,0,0,0,0,0
      "BD-11 4672 b",278.37014771,-11.63603878,278.36785889,11.5604496,27.0,0,0,0,0,0,0,0,0,0,0,0,0,0,0,0,0,0,0,0,0,0,0,0,0,0,1
      "BD-08 2823 b",150.19883728,-9.5166797638,155.83779907,-20.283332825,27.0,0,0,0,0,0,0,0,1,0,0,0,0,0,0,0,0,0,0,0,0,0,0,0,0,0,0
      "BD-08 2823 c",150.19883728,-9.5166797638,155.83779907,-20.283332825,27.0,0,0,0,0,0,0,0,1,0,0,0,0,0,0,0,0,0,0,0,0,0,0,0,0,0,0
      "BD-06 1339 b",88.251182556,-5.9948439598,88.003112793,-29.422014236,27.0,0,0,0,0,0,1,0,0,0,0,0,0,0,0,0,0,0,0,0,0,0,0,0,0,0,0
      "BD+14 4559 b",318.39996338,14.689387321,325.97531128,29.216882706,27.0,0,0,0,0,0,0,0,0,0,0,0,0,0,1,0,0,0,0,0,0,0,0,0,0,0,0
      "BD+15 2940 b",240.0955658,15.546930313,233.938797,35.317752838,27.0,0,0,0,0,0,0,0,0,0,0,0,0,0,0,0,0,0,0,0,0,0,0,0,2,0,0
       "BD+20 274 b",25.920324326,21.005313873,31.621665955,9.5874929428,27.0,0,0,0,0,0,0,0,0,0,0,0,0,0,0,0,0,1,0,0,0,0,0,0,0,0,0
      "BD+20 2457 b",154.18690491,19.89140892,148.88206482,8.5857620239,27.0,0,0,0,0,0,0,0,0,0,0,0,0,0,0,0,0,0,0,0,0,1,0,0,0,0,0
       "HD 164595 b",270.16204834,29.571922302,270.23425293,53.011081696,54.0,0,0,0,0,0,0,0,0,0,0,0,0,0,0,0,0,0,0,0,0,0,0,0,0,3,2
         "HD 1461 c",4.6744480133,-8.0530014038,1.0628190041,-9.2432346344,27.0,0,0,1,0,0,0,0,0,0,0,0,0,0,0,0,0,0,0,0,0,0,0,0,0,0,0
       "HD 204313 c",322.0508728,-21.726255417,317.49435425,-6.4528679848,27.0,1,0,0,0,0,0,0,0,0,0,0,0,0,0,0,0,0,0,0,0,0,0,0,0,0,0
           "GJ 86 b",32.608058929,-50.823722839,0.4275290072,-57.849082947,54.0,0,3,3,0,0,0,0,0,0,0,0,0,0,0,0,0,0,0,0,0,0,0,0,0,0,0
       "HD 116029 b",200.1647644,24.648698807,188.10910034,30.48195076,27.0,0,0,0,0,0,0,0,0,0,0,0,0,0,0,0,0,0,0,0,0,0,0,2,0,0,0
       "HD 117207 b",202.33796692,-35.570995331,214.39370728,-24.251218796,27.0,0,0,0,0,0,0,0,0,0,0,1,0,0,0,0,0,0,0,0,0,0,0,0,0,0,0
       "HD 120084 b",205.66334534,78.064437866,121.26596832,68.951118469,81.0,0,0,0,0,0,0,0,0,0,0,0,0,0,0,0,0,0,0,3,3,3,0,0,0,0,0
       "HD 121504 b",209.32182312,-56.040042877,230.02316284,-40.705345154,27.0,0,0,0,0,0,0,0,0,0,0,2,0,0,0,0,0,0,0,0,0,0,0,0,0,0,0
       "HD 125612 b",215.22297668,-17.481521606,218.69885254,-3.2552421093,0.0,0,0,0,0,0,0,0,0,0,0,0,0,0,0,0,0,0,0,0,0,0,0,0,0,0,0
       "HD 125612 c",215.22297668,-17.481521606,218.69885254,-3.2552421093,0.0,0,0,0,0,0,0,0,0,0,0,0,0,0,0,0,0,0,0,0,0,0,0,0,0,0,0
       "HD 126614 b",216.70117188,-5.1777801514,216.08666992,8.8564081192,27.0,0,0,0,0,0,0,0,0,0,0,0,0,0,0,0,0,0,0,0,0,0,0,0,1,0,0
       "HD 128311 b",219.00233459,9.7465181351,213.22891235,23.706315994,27.0,0,0,0,0,0,0,0,0,0,0,0,0,0,0,0,0,0,0,0,0,0,0,0,1,0,0
       "HD 128311 c",219.00233459,9.7465181351,213.22891235,23.706315994,27.0,0,0,0,0,0,0,0,0,0,0,0,0,0,0,0,0,0,0,0,0,0,0,0,1,0,0
       "HD 129445 b",221.51277161,-68.762748718,245.34835815,-49.435592651,27.0,0,0,0,0,0,0,0,0,0,0,0,2,0,0,0,0,0,0,0,0,0,0,0,0,0,0
       "HD 130322 b",221.8863678,-0.28147599101,219.53764343,15.133419037,27.0,0,0,0,0,0,0,0,0,0,0,0,0,0,0,0,0,0,0,0,0,0,0,0,1,0,0
       "HD 131496 b",223.34594727,18.235401154,214.44110107,33.121959686,27.0,0,0,0,0,0,0,0,0,0,0,0,0,0,0,0,0,0,0,0,0,0,0,0,2,0,0
       "HD 132406 b",224.22770691,53.382167816,188.31240845,64.408256531,54.0,0,0,0,0,0,0,0,0,0,0,0,0,0,0,0,0,0,0,0,0,0,3,3,0,0,0
       "HD 132563 b",224.58966064,44.043148041,200.01309204,56.988628387,27.0,0,0,0,0,0,0,0,0,0,0,0,0,0,0,0,0,0,0,0,0,0,0,3,0,0,0
       "HD 131664 b",225.02531433,-73.535339355,250.49131775,-53.140258789,27.0,0,0,0,0,0,0,0,0,0,0,0,2,0,0,0,0,0,0,0,0,0,0,0,0,0,0
       "HD 134987 b",228.3694458,-25.309347153,232.75765991,-7.0913062096,27.0,0,0,0,0,0,0,0,0,0,0,1,0,0,0,0,0,0,0,0,0,0,0,0,0,0,0
       "HD 136418 b",229.77575684,41.733207703,208.16094971,56.864440918,54.0,0,0,0,0,0,0,0,0,0,0,0,0,0,0,0,0,0,0,0,0,0,0,3,3,0,0
     "HD 137388 A b",233.91636658,-80.204589844,259.05459595,-58.148124695,54.0,0,0,0,0,0,0,0,0,0,0,0,3,3,0,0,0,0,0,0,0,0,0,0,0,0,0
       "HD 141937 b",238.07312012,-18.436065674,239.87269592,1.7263469696,0.0,0,0,0,0,0,0,0,0,0,0,0,0,0,0,0,0,0,0,0,0,0,0,0,0,0,0
       "HD 142245 b",238.23449707,15.430707932,231.85263062,34.758605957,27.0,0,0,0,0,0,0,0,0,0,0,0,0,0,0,0,0,0,0,0,0,0,0,0,2,0,0
       "HD 145457 b",242.51631165,26.742750168,233.04841614,46.718360901,27.0,0,0,0,0,0,0,0,0,0,0,0,0,0,0,0,0,0,0,0,0,0,0,0,2,0,0
     "HD 142022 A b",242.56259155,-84.231613159,264.46151733,-61.324783325,54.0,0,0,0,0,0,0,0,0,0,0,0,3,3,0,0,0,0,0,0,0,0,0,0,0,0,0
       "HD 145377 b",242.90185547,-27.078172684,245.93791199,-5.8743071556,27.0,0,0,0,0,0,0,0,0,0,0,0,1,0,0,0,0,0,0,0,0,0,0,0,0,0,0
       "HD 147018 b",245.75061035,-61.688762665,255.38400269,-39.47429657,27.0,0,0,0,0,0,0,0,0,0,0,0,2,0,0,0,0,0,0,0,0,0,0,0,0,0,0
        "HD 32963 b",76.98235321,26.327962875,78.331733704,3.4144239426,0.0,0,0,0,0,0,0,0,0,0,0,0,0,0,0,0,0,0,0,0,0,0,0,0,0,0,0
 "TYC 3667-1280-1 b",12.88734436,58.426166534,41.149650574,47.325057983,27.0,0,0,0,0,0,0,0,0,0,0,0,0,0,0,0,0,2,0,0,0,0,0,0,0,0,0
       "HD 147513 b",246.00537109,-39.19298172,250.72032166,-17.346126556,27.0,0,0,0,0,0,0,0,0,0,0,0,1,0,0,0,0,0,0,0,0,0,0,0,0,0,0
       "HD 166724 b",273.49865723,-42.575374603,272.72692871,-19.169195175,27.0,0,0,0,0,0,0,0,0,0,0,0,0,1,0,0,0,0,0,0,0,0,0,0,0,0,0
       "HD 148156 b",247.07200623,-46.317623138,252.83840942,-24.235019684,27.0,0,0,0,0,0,0,0,0,0,0,0,1,0,0,0,0,0,0,0,0,0,0,0,0,0,0
       "HD 149026 b",247.62341309,38.347309113,234.50035095,59.059608459,54.0,0,0,0,0,0,0,0,0,0,0,0,0,0,0,0,0,0,0,0,0,0,0,0,3,3,0
       "HD 149143 b",248.21270752,2.084831953,246.09721375,23.734304428,27.0,0,0,0,0,0,0,0,0,0,0,0,0,0,0,0,0,0,0,0,0,0,0,0,0,1,0
       "HD 150706 b",247.82327271,79.789772034,105.52403259,75.522727966,108.0,0,0,0,0,0,0,0,0,0,0,0,0,0,0,0,0,0,4,3,3,4,0,0,0,0,0
       "HD 152581 b",253.43159485,11.9737463,250.26817322,34.28503418,27.0,0,0,0,0,0,0,0,0,0,0,0,0,0,0,0,0,0,0,0,0,0,0,0,0,2,0
       "HD 153950 b",256.12863159,-43.309768677,259.27435303,-20.385587692,27.0,0,0,0,0,0,0,0,0,0,0,0,1,0,0,0,0,0,0,0,0,0,0,0,0,0,0
       "HD 154672 b",257.52047729,-56.449268341,261.77868652,-33.365585327,27.0,0,0,0,0,0,0,0,0,0,0,0,2,0,0,0,0,0,0,0,0,0,0,0,0,0,0
       "HD 154857 b",257.81552124,-56.680797577,262.00085449,-33.579353333,27.0,0,0,0,0,0,0,0,0,0,0,0,2,0,0,0,0,0,0,0,0,0,0,0,0,0,0
       "HD 155358 b",257.39422607,33.355854034,250.99165344,55.966339111,27.0,0,0,0,0,0,0,0,0,0,0,0,0,0,0,0,0,0,0,0,0,0,0,0,0,3,0
       "HD 155358 c",257.39422607,33.355854034,250.99165344,55.966339111,27.0,0,0,0,0,0,0,0,0,0,0,0,0,0,0,0,0,0,0,0,0,0,0,0,0,3,0
       "HD 156411 b",259.96417236,-48.549320221,262.66525269,-25.365236282,27.0,0,0,0,0,0,0,0,0,0,0,0,1,0,0,0,0,0,0,0,0,0,0,0,0,0,0
       "HD 156668 b",259.41870117,29.227226257,254.87364197,52.11233139,27.0,0,0,0,0,0,0,0,0,0,0,0,0,0,0,0,0,0,0,0,0,0,0,0,0,2,0
       "HD 156846 b",260.14294434,-19.333745956,260.68338013,3.7873210907,0.0,0,0,0,0,0,0,0,0,0,0,0,0,0,0,0,0,0,0,0,0,0,0,0,0,0,0
       "HD 159243 b",263.33978271,5.7007331848,262.42019653,28.964948654,27.0,0,0,0,0,0,0,0,0,0,0,0,0,0,0,0,0,0,0,0,0,0,0,0,0,1,0
       "HD 159243 c",263.33978271,5.7007331848,262.42019653,28.964948654,27.0,0,0,0,0,0,0,0,0,0,0,0,0,0,0,0,0,0,0,0,0,0,0,0,0,1,0
       "HD 159868 c",264.74801636,-43.145515442,265.93005371,-19.780395508,27.0,0,0,0,0,0,0,0,0,0,0,0,1,0,0,0,0,0,0,0,0,0,0,0,0,0,0
       "HD 160691 b",266.03625488,-51.83405304,267.21578979,-28.433063507,27.0,0,0,0,0,0,0,0,0,0,0,0,1,0,0,0,0,0,0,0,0,0,0,0,0,0,0
       "HD 160691 d",266.03625488,-51.83405304,267.21578979,-28.433063507,27.0,0,0,0,0,0,0,0,0,0,0,0,1,0,0,0,0,0,0,0,0,0,0,0,0,0,0
       "HD 160691 e",266.03625488,-51.83405304,267.21578979,-28.433063507,27.0,0,0,0,0,0,0,0,0,0,0,0,1,0,0,0,0,0,0,0,0,0,0,0,0,0,0
       "HD 162020 b",267.65982056,-40.318347931,268.13540649,-16.894201279,0.0,0,0,0,0,0,0,0,0,0,0,0,0,0,0,0,0,0,0,0,0,0,0,0,0,0,0
       "HD 163607 c",268.41873169,56.391956329,265.04998779,79.804069519,351.0,0,0,0,0,0,0,0,0,0,0,0,0,0,4,4,4,4,4,4,4,4,4,4,4,4,4
       "HD 164509 b",270.38012695,0.10455600172,270.41464233,23.543300629,27.0,0,0,0,0,0,0,0,0,0,0,0,0,0,0,0,0,0,0,0,0,0,0,0,0,0,1
       "HD 164922 b",270.62860107,26.313001633,270.87210083,49.750389099,54.0,0,0,0,0,0,0,0,0,0,0,0,0,0,0,0,0,0,0,0,0,0,0,0,0,2,2
       "HD 168443 b",275.01638794,-9.5957221985,275.09243774,13.754937172,27.0,0,0,0,0,0,0,0,0,0,0,0,0,0,0,0,0,0,0,0,0,0,0,0,0,0,1
       "HD 168443 c",275.01638794,-9.5957221985,275.09243774,13.754937172,27.0,0,0,0,0,0,0,0,0,0,0,0,0,0,0,0,0,0,0,0,0,0,0,0,0,0,1
       "HD 168746 b",275.45742798,-11.922683716,275.4473877,11.413470268,27.0,0,0,0,0,0,0,0,0,0,0,0,0,0,0,0,0,0,0,0,0,0,0,0,0,0,1
       "HD 169830 c",276.95617676,-29.816865921,276.07110596,-6.5240559578,27.0,0,0,0,0,0,0,0,0,0,0,0,0,1,0,0,0,0,0,0,0,0,0,0,0,0,0
       "HD 170469 b",277.29574585,11.695502281,278.72253418,34.914146423,27.0,0,0,0,0,0,0,0,0,0,0,0,0,0,0,0,0,0,0,0,0,0,0,0,0,0,2
       "HD 171238 b",278.68197632,-28.072313309,277.68188477,-4.8642449379,0.0,0,0,0,0,0,0,0,0,0,0,0,0,0,0,0,0,0,0,0,0,0,0,0,0,0,0
       "HD 173416 b",280.90045166,36.556606293,287.33114624,59.341804504,27.0,0,0,0,0,0,0,0,0,0,0,0,0,0,0,0,0,0,0,0,0,0,0,0,0,0,3
       "HD 175167 b",285.003479,-69.944244385,277.46466064,-46.893447876,27.0,0,0,0,0,0,0,0,0,0,0,0,0,2,0,0,0,0,0,0,0,0,0,0,0,0,0
       "HD 177830 b",286.33654785,25.920660019,292.26242065,48.105190277,27.0,0,0,0,0,0,0,0,0,0,0,0,0,0,0,0,0,0,0,0,0,0,0,0,0,0,2
       "HD 177830 c",286.33654785,25.920660019,292.26242065,48.105190277,27.0,0,0,0,0,0,0,0,0,0,0,0,0,0,0,0,0,0,0,0,0,0,0,0,0,0,2
       "HD 179079 b",287.79095459,-2.6383850574,288.90960693,19.640615463,27.0,0,0,0,0,0,0,0,0,0,0,0,0,0,0,0,0,0,0,0,0,0,0,0,0,0,1
       "HD 179949 b",288.88845825,-24.179351807,287.18640137,-1.8599740267,0.0,0,0,0,0,0,0,0,0,0,0,0,0,0,0,0,0,0,0,0,0,0,0,0,0,0,0
       "HD 180314 b",288.709198,31.860349655,297.28808594,53.541572571,54.0,0,0,0,0,0,0,0,0,0,0,0,0,0,3,0,0,0,0,0,0,0,0,0,0,0,3
       "HD 181342 b",290.26763916,-23.619571686,288.51126099,-1.4733359814,0.0,0,0,0,0,0,0,0,0,0,0,0,0,0,0,0,0,0,0,0,0,0,0,0,0,0,0
       "HD 181433 b",291.28985596,-66.468795776,281.60308838,-43.884979248,0.0,0,0,0,0,0,0,0,0,0,0,0,0,0,0,0,0,0,0,0,0,0,0,0,0,0,0
       "HD 181433 d",291.28985596,-66.468795776,281.60308838,-43.884979248,0.0,0,0,0,0,0,0,0,0,0,0,0,0,0,0,0,0,0,0,0,0,0,0,0,0,0,0
       "HD 181720 b",290.72076416,-32.919055939,287.59564209,-10.736813545,27.0,0,0,0,0,0,0,0,0,0,0,0,0,1,0,0,0,0,0,0,0,0,0,0,0,0,0
       "HD 183263 b",292.10238647,8.3580541611,295.42214966,29.867465973,0.0,0,0,0,0,0,0,0,0,0,0,0,0,0,0,0,0,0,0,0,0,0,0,0,0,0,0
       "HD 212301 b",336.87884521,-77.717926025,292.80404663,-59.684127808,54.0,3,0,0,0,0,0,0,0,0,0,0,0,3,0,0,0,0,0,0,0,0,0,0,0,0,0
       "HD 213240 b",337.75152588,-49.433269501,318.73828125,-36.799671173,27.0,2,0,0,0,0,0,0,0,0,0,0,0,0,0,0,0,0,0,0,0,0,0,0,0,0,0
       "HD 215497 c",341.65313721,-56.599533081,316.77703857,-44.189079285,27.0,2,0,0,0,0,0,0,0,0,0,0,0,0,0,0,0,0,0,0,0,0,0,0,0,0,0
       "HD 216435 b",343.40805054,-48.598285675,323.34570312,-37.812286377,27.0,2,0,0,0,0,0,0,0,0,0,0,0,0,0,0,0,0,0,0,0,0,0,0,0,0,0
       "HD 216536 b",343.26660156,44.477752686,7.5207591057,46.430221558,27.0,0,0,0,0,0,0,0,0,0,0,0,0,0,0,0,2,0,0,0,0,0,0,0,0,0,0
       "HD 216770 b",343.9737854,-26.658763885,334.76477051,-18.270832062,27.0,0,1,0,0,0,0,0,0,0,0,0,0,0,0,0,0,0,0,0,0,0,0,0,0,0,0
       "HD 141399 d",236.72422791,46.986263275,211.83792114,63.859420776,54.0,0,0,0,0,0,0,0,0,0,0,0,0,0,0,0,0,0,0,0,0,0,0,3,3,0,0
       "HD 141399 e",236.72422791,46.986263275,211.83792114,63.859420776,54.0,0,0,0,0,0,0,0,0,0,0,0,0,0,0,0,0,0,0,0,0,0,0,3,3,0,0
      "Kepler-407 c",286.03634644,49.614505768,303.70394897,71.182304382,81.0,0,0,0,0,0,0,0,0,0,0,0,0,0,3,3,0,0,0,0,0,0,0,0,0,0,3
       "HD 219134 b",348.32073975,57.168354034,23.742752075,54.546604156,54.0,0,0,0,0,0,0,0,0,0,0,0,0,0,0,0,3,3,0,0,0,0,0,0,0,0,0
       "HD 219134 c",348.32073975,57.168354034,23.742752075,54.546604156,54.0,0,0,0,0,0,0,0,0,0,0,0,0,0,0,0,3,3,0,0,0,0,0,0,0,0,0
       "HD 219134 d",348.32073975,57.168354034,23.742752075,54.546604156,54.0,0,0,0,0,0,0,0,0,0,0,0,0,0,0,0,3,3,0,0,0,0,0,0,0,0,0
          "Pr0211 c",130.54788208,19.277044296,127.85971069,1.0075659752,0.0,0,0,0,0,0,0,0,0,0,0,0,0,0,0,0,0,0,0,0,0,0,0,0,0,0,0
      "Kepler-424 c",298.62487793,48.577453613,323.49880981,66.777496338,54.0,0,0,0,0,0,0,0,0,0,0,0,0,0,3,3,0,0,0,0,0,0,0,0,0,0,0
       "Kepler-68 d",291.03231812,49.040271759,312.03396606,69.429039001,81.0,0,0,0,0,0,0,0,0,0,0,0,0,0,3,3,0,0,0,0,0,0,0,0,0,0,3
       "Kepler-94 c",281.19473267,47.497146606,292.61880493,70.058830261,54.0,0,0,0,0,0,0,0,0,0,0,0,0,0,3,0,0,0,0,0,0,0,0,0,0,0,3
"NGC 2682 YBP 1514 b,132.75318909,11.886529922,131.86843872,-5.5572972298,0.0,0,0,0,0,0,0,0,0,0,0,0,0,0,0,0,0,0,0,0,0,0,0,0,0,0,0
"NGC 2682 YBP 401 b",132.82936096,11.671019554,131.99935913,-5.7444620132,0.0,0,0,0,0,0,0,0,0,0,0,0,0,0,0,0,0,0,0,0,0,0,0,0,0,0,0
          "Pr0201 b",130.43260193,20.226890564,127.50936127,1.8971290588,0.0,0,0,0,0,0,0,0,0,0,0,0,0,0,0,0,0,0,0,0,0,0,0,0,0,0,0
"NGC 2682 YBP 1194 b,132.75335693,11.814655304,131.88819885,-5.6264300346,0.0,0,0,0,0,0,0,0,0,0,0,0,0,0,0,0,0,0,0,0,0,0,0,0,0,0,0
"NGC 2682 Sand 364 b,132.48675537,11.692483902,131.66891479,-5.8146948814,0.0,0,0,0,0,0,0,0,0,0,0,0,0,0,0,0,0,0,0,0,0,0,0,0,0,0,0
    "NGC 4349 127 b",186.14781189,-61.82000351,220.21763611,-52.056186676,27.0,0,0,0,0,0,0,0,0,0,0,2,0,0,0,0,0,0,0,0,0,0,0,0,0,0,0
          "Pr0211 b",130.54788208,19.277044296,127.85971069,1.0075659752,0.0,0,0,0,0,0,0,0,0,0,0,0,0,0,0,0,0,0,0,0,0,0,0,0,0,0,0
       "HD 191806 b",302.36795044,52.276329041,334.03488159,68.633384705,54.0,0,0,0,0,0,0,0,0,0,0,0,0,0,3,3,0,0,0,0,0,0,0,0,0,0,0
       "HD 214823 b",340.08279419,31.787593842,355.98217773,36.761539459,27.0,0,0,0,0,0,0,0,0,0,0,0,0,0,0,2,0,0,0,0,0,0,0,0,0,0,0
       "HD 221585 b",353.22518921,63.155483246,34.312732697,57.118972778,27.0,0,0,0,0,0,0,0,0,0,0,0,0,0,0,0,0,3,0,0,0,0,0,0,0,0,0
       "HD 219828 c",349.69473267,18.645719528,358.25869751,21.146738052,0.0,0,0,0,0,0,0,0,0,0,0,0,0,0,0,0,0,0,0,0,0,0,0,0,0,0,0
         "alf Tau b",68.980163574,16.509302139,69.7891922,-5.4673271179,0.0,0,0,0,0,0,0,0,0,0,0,0,0,0,0,0,0,0,0,0,0,0,0,0,0,0,0
  "TYC 1422-614-1 b",154.27780151,19.55847168,149.08459473,8.3064088821,27.0,0,0,0,0,0,0,0,0,0,0,0,0,0,0,0,0,0,0,0,0,1,0,0,0,0,0
  "TYC 1422-614-1 c",154.27780151,19.55847168,149.08459473,8.3064088821,27.0,0,0,0,0,0,0,0,0,0,0,0,0,0,0,0,0,0,0,0,0,1,0,0,0,0,0
          "WASP-8 c",359.90029907,-35.031391144,344.33392334,-31.741714478,27.0,0,2,0,0,0,0,0,0,0,0,0,0,0,0,0,0,0,0,0,0,0,0,0,0,0,0
         "GJ 3998 b",259.00265503,11.057665825,256.94827271,34.000026703,27.0,0,0,0,0,0,0,0,0,0,0,0,0,0,0,0,0,0,0,0,0,0,0,0,0,2,0
         "GJ 3998 c",259.00265503,11.057665825,256.94827271,34.000026703,27.0,0,0,0,0,0,0,0,0,0,0,0,0,0,0,0,0,0,0,0,0,0,0,0,0,2,0
     "Proxima Cen b",217.42895508,-62.679485321,239.11465454,-44.763309479,54.0,0,0,0,0,0,0,0,0,0,0,2,2,0,0,0,0,0,0,0,0,0,0,0,0,0,0
        "GJ 676 A c",262.54669189,-51.636978149,264.75204468,-28.333379745,27.0,0,0,0,0,0,0,0,0,0,0,0,1,0,0,0,0,0,0,0,0,0,0,0,0,0,0
        "GJ 676 A e",262.54669189,-51.636978149,264.75204468,-28.333379745,27.0,0,0,0,0,0,0,0,0,0,0,0,1,0,0,0,0,0,0,0,0,0,0,0,0,0,0
          "GJ 876 b",343.31973267,-14.263699532,339.16921997,-6.6266617775,27.0,0,1,0,0,0,0,0,0,0,0,0,0,0,0,0,0,0,0,0,0,0,0,0,0,0,0
        "HD 30177 c",70.476554871,-58.020755768,34.261444092,-77.634170532,270.0,0,4,4,3,4,4,0,4,4,4,0,4,4,0,0,0,0,0,0,0,0,0,0,0,0,0
         "HD 4732 c",12.308116913,-24.136671066,1.016692996,-26.907550812,27.0,0,0,1,0,0,0,0,0,0,0,0,0,0,0,0,0,0,0,0,0,0,0,0,0,0,0
       "WASP-94 B b",313.78814697,-34.135520935,306.59298706,-16.091014862,27.0,1,0,0,0,0,0,0,0,0,0,0,0,0,0,0,0,0,0,0,0,0,0,0,0,0,0
        "V830 Tau b",68.291801453,24.562049866,70.320716858,2.5936551094,0.0,0,0,0,0,0,0,0,0,0,0,0,0,0,0,0,0,0,0,0,0,0,0,0,0,0,0
       "HIP 65891 b",202.6053009,-58.664356232,227.45765686,-44.760055542,27.0,0,0,0,0,0,0,0,0,0,0,2,0,0,0,0,0,0,0,0,0,0,0,0,0,0,0
      "HIP 107773 b",327.5005188,-64.712539673,302.28417969,-47.584392548,27.0,2,0,0,0,0,0,0,0,0,0,0,0,0,0,0,0,0,0,0,0,0,0,0,0,0,0
     "HD 178911 B b",287.26293945,34.599849701,296.2507019,56.476600647,54.0,0,0,0,0,0,0,0,0,0,0,0,0,0,3,0,0,0,0,0,0,0,0,0,0,0,3
       "HD 180902 b",289.8237915,-23.55815506,288.11654663,-1.3570170403,0.0,0,0,0,0,0,0,0,0,0,0,0,0,0,0,0,0,0,0,0,0,0,0,0,0,0,0
       "HD 181433 c",291.28985596,-66.468795776,281.60308838,-43.884979248,0.0,0,0,0,0,0,0,0,0,0,0,0,0,0,0,0,0,0,0,0,0,0,0,0,0,0,0
       "HD 190647 b",301.83197021,-35.538631439,296.37582397,-14.968583107,0.0,0,0,0,0,0,0,0,0,0,0,0,0,0,0,0,0,0,0,0,0,0,0,0,0,0,0
       "HD 192310 c",303.82244873,-27.032976151,299.97213745,-7.0446639061,0.0,0,0,0,0,0,0,0,0,0,0,0,0,0,0,0,0,0,0,0,0,0,0,0,0,0,0
       "HD 196050 b",309.4654541,-60.634483337,294.18582153,-40.466609955,27.0,0,0,0,0,0,0,0,0,0,0,0,0,2,0,0,0,0,0,0,0,0,0,0,0,0,0
       "HD 197037 b",309.8873291,42.248550415,331.88040161,57.436962128,54.0,0,0,0,0,0,0,0,0,0,0,0,0,0,3,3,0,0,0,0,0,0,0,0,0,0,0
        "HD 19994 b",48.19348526,-1.1961009502,45.382858276,-18.396461487,27.0,0,0,0,1,0,0,0,0,0,0,0,0,0,0,0,0,0,0,0,0,0,0,0,0,0,0
       "HD 206610 b",325.85375977,-7.4082531929,325.59835815,5.9184398651,27.0,0,0,0,0,0,0,0,0,0,0,0,0,0,1,0,0,0,0,0,0,0,0,0,0,0,0
        "HD 20794 c",49.981876373,-43.069782257,27.223466873,-58.111755371,54.0,0,0,3,3,0,0,0,0,0,0,0,0,0,0,0,0,0,0,0,0,0,0,0,0,0,0
       "HD 208527 b",329.09994507,21.239858627,339.74981689,31.518802643,27.0,0,0,0,0,0,0,0,0,0,0,0,0,0,0,2,0,0,0,0,0,0,0,0,0,0,0
          "XO-2 S b",117.03117371,50.217556,109.33860016,28.577278137,27.0,0,0,0,0,0,0,0,0,0,0,0,0,0,0,0,0,0,0,0,1,0,0,0,0,0,0
          "XO-2 S c",117.03117371,50.217556,109.33860016,28.577278137,27.0,0,0,0,0,0,0,0,0,0,0,0,0,0,0,0,0,0,0,0,1,0,0,0,0,0,0
       "HD 210702 b",332.96386719,16.040550232,341.23156738,25.295532227,27.0,0,0,0,0,0,0,0,0,0,0,0,0,0,0,1,0,0,0,0,0,0,0,0,0,0,0
       "HD 215497 b",341.65313721,-56.599533081,316.77703857,-44.189079285,27.0,2,0,0,0,0,0,0,0,0,0,0,0,0,0,0,0,0,0,0,0,0,0,0,0,0,0
       "HD 216437 b",343.66452026,-70.073707581,305.30020142,-55.530181885,27.0,3,0,0,0,0,0,0,0,0,0,0,0,0,0,0,0,0,0,0,0,0,0,0,0,0,0
       "HD 217107 b",344.5647583,-2.3953850269,344.85913086,3.866341114,0.0,0,0,0,0,0,0,0,0,0,0,0,0,0,0,0,0,0,0,0,0,0,0,0,0,0,0
       "HD 219077 b",348.5274353,-62.700004578,315.79586792,-51.169406891,0.0,0,0,0,0,0,0,0,0,0,0,0,0,0,0,0,0,0,0,0,0,0,0,0,0,0,0
       "HD 219828 b",349.69473267,18.645719528,358.25869751,21.146738052,0.0,0,0,0,0,0,0,0,0,0,0,0,0,0,0,0,0,0,0,0,0,0,0,0,0,0,0
       "HD 220773 b",351.61434937,8.6438446045,355.76074219,11.258813858,0.0,0,0,0,0,0,0,0,0,0,0,0,0,0,0,0,0,0,0,0,0,0,0,0,0,0,0
       "HD 224693 b",359.9743042,-22.428113937,350.65338135,-20.479761124,27.0,0,1,0,0,0,0,0,0,0,0,0,0,0,0,0,0,0,0,0,0,0,0,0,0,0,0
       "HD 240210 b",347.62179565,57.029457092,23.095895767,54.698856354,54.0,0,0,0,0,0,0,0,0,0,0,0,0,0,0,0,3,3,0,0,0,0,0,0,0,0,0
        "HD 28185 b",66.609672546,-10.550821304,62.664634705,-31.797170639,27.0,0,0,0,0,2,0,0,0,0,0,0,0,0,0,0,0,0,0,0,0,0,0,0,0,0,0
       "HD 285968 b",70.732406616,18.958171844,71.784591675,-3.2710020542,0.0,0,0,0,0,0,0,0,0,0,0,0,0,0,0,0,0,0,0,0,0,0,0,0,0,0,0
         "HD 2952 b",8.2933111191,54.894985199,35.206459045,45.856365204,27.0,0,0,0,0,0,0,0,0,0,0,0,0,0,0,0,0,2,0,0,0,0,0,0,0,0,0
        "HD 30562 b",72.151603699,-5.6740450859,69.816970825,-27.871351242,27.0,0,0,0,0,1,0,0,0,0,0,0,0,0,0,0,0,0,0,0,0,0,0,0,0,0,0
        "HD 31253 b",73.681892395,12.352201462,73.808357239,-10.174572945,27.0,0,0,0,0,1,0,0,0,0,0,0,0,0,0,0,0,0,0,0,0,0,0,0,0,0,0
        "HD 33283 b",77.004219055,-26.797472,72.023452759,-49.42893219,27.0,0,0,0,0,2,0,0,0,0,0,0,0,0,0,0,0,0,0,0,0,0,0,0,0,0,0
        "HD 37605 c",85.007209778,6.0605788231,84.799629211,-17.288627625,27.0,0,0,0,0,0,1,0,0,0,0,0,0,0,0,0,0,0,0,0,0,0,0,0,0,0,0
        "HD 38801 b",86.996566772,-8.3276996613,86.5054245,-31.730564117,27.0,0,0,0,0,0,2,0,0,0,0,0,0,0,0,0,0,0,0,0,0,0,0,0,0,0,0
        "HD 40307 c",88.517669678,-60.023471832,83.514335632,-83.429374695,324.0,4,4,4,4,4,4,4,4,0,4,4,4,4,0,0,0,0,0,0,0,0,0,0,0,0,0
        "HD 40307 g",88.517669678,-60.023471832,83.514335632,-83.429374695,324.0,4,4,4,4,4,4,4,4,0,4,4,4,4,0,0,0,0,0,0,0,0,0,0,0,0,0
      "HD 41004 A b",89.956871033,-48.239692688,89.908622742,-71.678970337,81.0,0,0,0,0,3,3,3,0,0,0,0,0,0,0,0,0,0,0,0,0,0,0,0,0,0,0
         "HD 4203 c",11.171675682,20.448926926,18.385702133,14.378730774,27.0,0,0,0,0,0,0,0,0,0,0,0,0,0,0,0,1,0,0,0,0,0,0,0,0,0,0
         "HD 4313 b",11.418160439,7.845020771,13.561443329,2.706551075,0.0,0,0,0,0,0,0,0,0,0,0,0,0,0,0,0,0,0,0,0,0,0,0,0,0,0,0
        "HD 43691 b",94.894485474,41.09230423,93.870674133,17.718753815,27.0,0,0,0,0,0,0,0,0,0,0,0,0,0,0,0,0,0,0,1,0,0,0,0,0,0,0
        "HD 45364 c",96.410316467,-31.480953217,99.486206055,-54.709354401,54.0,0,0,0,0,0,3,3,0,0,0,0,0,0,0,0,0,0,0,0,0,0,0,0,0,0,0
      "Kepler-432 c",293.28219604,48.285900116,314.90765381,68.126670837,81.0,0,0,0,0,0,0,0,0,0,0,0,0,0,3,3,0,0,0,0,0,0,0,0,0,0,3
          "24 Sex c",155.86820984,-0.90224397182,157.99359131,-10.198147774,27.0,0,0,0,0,0,0,0,1,0,0,0,0,0,0,0,0,0,0,0,0,0,0,0,0,0,0
        "30 Ari B b",39.240585327,24.64806366,44.567802429,8.8548107147,27.0,0,0,0,0,0,0,0,0,0,0,0,0,0,0,0,0,1,0,0,0,0,0,0,0,0,0
          "47 UMa b",164.86656189,40.43025589,149.06985474,31.061607361,27.0,0,0,0,0,0,0,0,0,0,0,0,0,0,0,0,0,0,0,0,0,2,0,0,0,0,0
          "51 Peg b",344.36657715,20.76883316,354.28408813,25.186477661,27.0,0,0,0,0,0,0,0,0,0,0,0,0,0,0,1,0,0,0,0,0,0,0,0,0,0,0
          "55 Cnc d",133.1492157,28.330818176,127.73245239,10.367085457,27.0,0,0,0,0,0,0,0,0,0,0,0,0,0,0,0,0,0,0,0,1,0,0,0,0,0,0
           "6 Lyn b",97.696281433,58.162631989,94.938690186,34.855213165,27.0,0,0,0,0,0,0,0,0,0,0,0,0,0,0,0,0,0,0,2,0,0,0,0,0,0,0
          "61 Vir d",199.60131836,-18.311195374,205.00720215,-9.2978086472,27.0,0,0,0,0,0,0,0,0,0,1,0,0,0,0,0,0,0,0,0,0,0,0,0,0,0,0
          "75 Cet b",38.039253235,-1.0348960161,35.325386047,-15.167499542,27.0,0,0,0,1,0,0,0,0,0,0,0,0,0,0,0,0,0,0,0,0,0,0,0,0,0,0
      "BD+20 2457 c",154.18690491,19.89140892,148.88206482,8.5857620239,27.0,0,0,0,0,0,0,0,0,0,0,0,0,0,0,0,0,0,0,0,0,1,0,0,0,0,0
      "BD-06 1339 c",88.251182556,-5.9948439598,88.003112793,-29.422014236,27.0,0,0,0,0,0,1,0,0,0,0,0,0,0,0,0,0,0,0,0,0,0,0,0,0,0,0
      "BD-10 3166 b",164.62001038,-10.770376205,170.13520813,-15.967544556,27.0,0,0,0,0,0,0,0,0,1,0,0,0,0,0,0,0,0,0,0,0,0,0,0,0,0,0
         "CoRoT-7 c",100.95612335,-1.0630329847,102.01005554,-24.046701431,27.0,0,0,0,0,0,1,0,0,0,0,0,0,0,0,0,0,0,0,0,0,0,0,0,0,0,0
      "HD 59686 A b",112.95165253,17.086046219,111.9599762,-4.6206088066,0.0,0,0,0,0,0,0,0,0,0,0,0,0,0,0,0,0,0,0,0,0,0,0,0,0,0,0
     "HD 133131 A b",225.89770508,-27.842573166,231.30860901,-10.132717133,27.0,0,0,0,0,0,0,0,0,0,0,1,0,0,0,0,0,0,0,0,0,0,0,0,0,0,0
     "HD 133131 A c",225.89770508,-27.842573166,231.30860901,-10.132717133,27.0,0,0,0,0,0,0,0,0,0,0,1,0,0,0,0,0,0,0,0,0,0,0,0,0,0,0
     "HD 133131 B b",225.89920044,-27.840993881,231.30943298,-10.130828857,27.0,0,0,0,0,0,0,0,0,0,0,1,0,0,0,0,0,0,0,0,0,0,0,0,0,0,0
       "HD 111998 b",193.29649353,-3.5530979633,193.61506653,1.9741950035,0.0,0,0,0,0,0,0,0,0,0,0,0,0,0,0,0,0,0,0,0,0,0,0,0,0,0,0
        "HD 47186 c",99.036613464,-27.622297287,102.68257904,-50.664493561,54.0,0,0,0,0,0,2,2,0,0,0,0,0,0,0,0,0,0,0,0,0,0,0,0,0,0,0
        "HD 49674 b",102.87715149,40.86775589,100.20024109,17.883350372,0.0,0,0,0,0,0,0,0,0,0,0,0,0,0,0,0,0,0,0,0,0,0,0,0,0,0,0
        "HD 52265 b",105.07514954,-5.3671622276,107.0408783,-27.919015884,27.0,0,0,0,0,0,0,1,0,0,0,0,0,0,0,0,0,0,0,0,0,0,0,0,0,0,0
         "HD 5319 b",13.755835533,0.78955298662,12.966323853,-4.6997179985,0.0,0,0,0,0,0,0,0,0,0,0,0,0,0,0,0,0,0,0,0,0,0,0,0,0,0,0
          "HD 564 b",2.4700911045,-50.267822266,336.27716064,-45.76947403,27.0,0,2,0,0,0,0,0,0,0,0,0,0,0,0,0,0,0,0,0,0,0,0,0,0,0,0
        "HD 63454 b",114.84104919,-78.278968811,248.82791138,-76.332084656,189.0,0,0,4,4,0,0,4,0,0,4,3,3,4,0,0,0,0,0,0,0,0,0,0,0,0,0
        "HD 65216 c",118.42217255,-63.647323608,179.52915955,-77.8022995,324.0,4,4,4,4,4,0,4,4,3,4,4,4,4,0,0,0,0,0,0,0,0,0,0,0,0,0
        "HD 67087 b",121.91564941,31.551319122,117.32846832,11.090120316,27.0,0,0,0,0,0,0,0,0,0,0,0,0,0,0,0,0,0,0,0,1,0,0,0,0,0,0
         "HD 6718 b",16.952760696,-8.2337064743,12.38015461,-14.25177002,27.0,0,0,1,0,0,0,0,0,0,0,0,0,0,0,0,0,0,0,0,0,0,0,0,0,0,0
        "HD 69830 b",124.59977722,-12.632173538,130.4485321,-31.342002869,27.0,0,0,0,0,0,0,2,0,0,0,0,0,0,0,0,0,0,0,0,0,0,0,0,0,0,0
        "HD 70573 b",125.70813751,1.8593230247,127.5994339,-17.041061401,27.0,0,0,0,0,0,0,1,0,0,0,0,0,0,0,0,0,0,0,0,0,0,0,0,0,0,0
        "HD 73256 b",129.09590149,-30.037626266,142.60577393,-46.59487915,27.0,0,0,0,0,0,0,0,2,0,0,0,0,0,0,0,0,0,0,0,0,0,0,0,0,0,0
        "HD 73526 c",129.31867981,-41.319103241,150.38970947,-56.813270569,54.0,0,0,0,0,0,0,0,3,3,0,0,0,0,0,0,0,0,0,0,0,0,0,0,0,0,0
        "HD 75289 b",131.91828918,-41.736793518,153.86213684,-56.268005371,54.0,0,0,0,0,0,0,0,3,3,0,0,0,0,0,0,0,0,0,0,0,0,0,0,0,0,0
        "HD 76700 b",133.48130798,-66.800994873,200.87365723,-73.135597229,108.0,0,0,0,0,4,0,0,0,3,3,3,0,0,0,0,0,0,0,0,0,0,0,0,0,0,0
         "HD 7924 d",20.496313095,76.710281372,64.962486267,59.417209625,27.0,0,0,0,0,0,0,0,0,0,0,0,0,0,0,0,0,0,3,0,0,0,0,0,0,0,0
        "HD 80606 b",140.65653992,50.603721619,125.96057129,33.295330048,27.0,0,0,0,0,0,0,0,0,0,0,0,0,0,0,0,0,0,0,0,2,0,0,0,0,0,0
        "HD 82943 b",143.71139526,-12.129546165,150.42010498,-25.021198273,27.0,0,0,0,0,0,0,0,1,0,0,0,0,0,0,0,0,0,0,0,0,0,0,0,0,0,0
        "HD 85390 b",147.51040649,-49.790267944,178.48703003,-56.99338913,54.0,0,0,0,0,0,0,0,0,3,3,0,0,0,0,0,0,0,0,0,0,0,0,0,0,0,0
        "HD 86264 b",149.24099731,-15.895121574,157.49952698,-26.547113419,27.0,0,0,0,0,0,0,0,1,0,0,0,0,0,0,0,0,0,0,0,0,0,0,0,0,0,0
         "HD 8673 b",21.536603928,34.57970047,33.299465179,23.609018326,27.0,0,0,0,0,0,0,0,0,0,0,0,0,0,0,0,0,1,0,0,0,0,0,0,0,0,0
        "HD 89307 b",154.58869934,12.621108055,151.876297,1.9430099726,0.0,0,0,0,0,0,0,0,0,0,0,0,0,0,0,0,0,0,0,0,0,0,0,0,0,0,0
        "HD 92788 b",160.70220947,-2.1837561131,163.02850342,-9.5740022659,27.0,0,0,0,0,0,0,0,0,1,0,0,0,0,0,0,0,0,0,0,0,0,0,0,0,0,0
        "HD 95089 b",164.69889832,1.7292159796,165.24005127,-4.4297299385,0.0,0,0,0,0,0,0,0,0,0,0,0,0,0,0,0,0,0,0,0,0,0,0,0,0,0,0
          "GJ 328 b",133.78175354,1.5465079546,135.78778076,-15.207852364,27.0,0,0,0,0,0,0,0,1,0,0,0,0,0,0,0,0,0,0,0,0,0,0,0,0,0,0
         "GJ 3470 b",119.7743454,15.39149189,118.73105621,-5.1274280548,0.0,0,0,0,0,0,0,0,0,0,0,0,0,0,0,0,0,0,0,0,0,0,0,0,0,0,0
          "GJ 581 e",229.86177063,-7.7222800255,229.5216217,10.256543159,27.0,0,0,0,0,0,0,0,0,0,0,0,0,0,0,0,0,0,0,0,0,0,0,0,1,0,0
        "GJ 667 C e",259.74508667,-34.996826172,261.42987061,-11.862119675,27.0,0,0,0,0,0,0,0,0,0,0,0,1,0,0,0,0,0,0,0,0,0,0,0,0,0,0
          "GJ 674 b",262.16644287,-46.895191193,264.16595459,-23.614419937,27.0,0,0,0,0,0,0,0,0,0,0,0,1,0,0,0,0,0,0,0,0,0,0,0,0,0,0
          "GJ 832 b",323.39157104,-49.0090065,308.6192627,-32.47492218,27.0,2,0,0,0,0,0,0,0,0,0,0,0,0,0,0,0,0,0,0,0,0,0,0,0,0,0
          "GJ 876 e",343.31973267,-14.263699532,339.16921997,-6.6266617775,27.0,0,1,0,0,0,0,0,0,0,0,0,0,0,0,0,0,0,0,0,0,0,0,0,0,0,0
        "HAT-P-13 c",129.88253784,47.352050781,119.44488525,27.907100677,27.0,0,0,0,0,0,0,0,0,0,0,0,0,0,0,0,0,0,0,0,1,0,0,0,0,0,0
        "HAT-P-17 c",324.53640747,30.488716125,339.89703369,41.634429932,27.0,0,0,0,0,0,0,0,0,0,0,0,0,0,0,2,0,0,0,0,0,0,0,0,0,0,0
        "HD 10180 c",24.473234177,-60.511528015,340.44338989,-61.611312866,54.0,3,3,0,0,0,0,0,0,0,0,0,0,0,0,0,0,0,0,0,0,0,0,0,0,0,0
        "HD 10180 g",24.473234177,-60.511528015,340.44338989,-61.611312866,54.0,3,3,0,0,0,0,0,0,0,0,0,0,0,0,0,0,0,0,0,0,0,0,0,0,0,0
       "HD 102365 b",176.62947083,-40.500354767,195.97598267,-37.853485107,27.0,0,0,0,0,0,0,0,0,0,2,0,0,0,0,0,0,0,0,0,0,0,0,0,0,0,0
       "HD 103774 b",179.23162842,-12.107909203,184.17726135,-11.400197029,27.0,0,0,0,0,0,0,0,0,1,0,0,0,0,0,0,0,0,0,0,0,0,0,0,0,0,0
       "HD 106252 b",183.37295532,10.041638374,179.05554199,10.545742989,27.0,0,0,0,0,0,0,0,0,0,0,0,0,0,0,0,0,0,0,0,0,0,1,0,0,0,0
        "HD 10647 b",25.622148514,-53.740833282,350.8291626,-57.303787231,54.0,0,3,3,0,0,0,0,0,0,0,0,0,0,0,0,0,0,0,0,0,0,0,0,0,0,0
       "HD 107148 b",184.80621338,-3.3197889328,185.72750854,-1.1378619671,0.0,0,0,0,0,0,0,0,0,0,0,0,0,0,0,0,0,0,0,0,0,0,0,0,0,0,0
       "HD 108863 b",187.58296204,21.948244095,177.73408508,23.054908752,27.0,0,0,0,0,0,0,0,0,0,0,0,0,0,0,0,0,0,0,0,0,0,1,0,0,0,0
        "HD 96127 b",166.44145203,44.301559448,148.1769104,35.033943176,27.0,0,0,0,0,0,0,0,0,0,0,0,0,0,0,0,0,0,0,0,0,2,0,0,0,0,0
        "HD 98649 b",170.21569824,-23.217342377,180.85540771,-25.075588226,27.0,0,0,0,0,0,0,0,0,1,0,0,0,0,0,0,0,0,0,0,0,0,0,0,0,0,0
       "HIP 14810 b",47.80929184,21.097358704,51.13092041,3.1693630219,0.0,0,0,0,0,0,0,0,0,0,0,0,0,0,0,0,0,0,0,0,0,0,0,0,0,0,0
        "HIP 5158 b",16.508533478,-22.45315361,5.7371268272,-27.05688858,27.0,0,0,1,0,0,0,0,0,0,0,0,0,0,0,0,0,0,0,0,0,0,0,0,0,0,0
       "HIP 57274 c",176.17068481,30.959293365,163.27087402,26.692285538,27.0,0,0,0,0,0,0,0,0,0,0,0,0,0,0,0,0,0,0,0,0,0,1,0,0,0,0
       "HIP 67851 b",208.46691895,-35.314361572,219.28367615,-22.064409256,27.0,0,0,0,0,0,0,0,0,0,0,1,0,0,0,0,0,0,0,0,0,0,0,0,0,0,0
       "HIP 75458 b",231.23239136,58.966064453,184.94970703,71.093544006,81.0,0,0,0,0,0,0,0,0,0,0,0,0,0,0,0,0,0,0,0,0,3,3,3,0,0,0
         "Kapteyn c",77.919090271,-45.018413544,67.250946045,-67.505981445,81.0,0,0,0,3,3,3,0,0,0,0,0,0,0,0,0,0,0,0,0,0,0,0,0,0,0,0
       "HD 109271 b",188.39814758,-11.621868134,192.30619812,-7.3496260643,27.0,0,0,0,0,0,0,0,0,0,1,0,0,0,0,0,0,0,0,0,0,0,0,0,0,0,0
       "HD 110014 b",189.81152344,-7.9955639839,192.15406799,-3.468118906,0.0,0,0,0,0,0,0,0,0,0,0,0,0,0,0,0,0,0,0,0,0,0,0,0,0,0,0
       "HD 113337 b",195.44552612,63.610225677,149.9629364,60.337844849,54.0,0,0,0,0,0,0,0,0,0,0,0,0,0,0,0,0,0,0,0,0,3,3,0,0,0,0
       "HD 114613 b",198.01327515,-37.803020477,211.91584778,-27.721767426,27.0,0,0,0,0,0,0,0,0,0,1,0,0,0,0,0,0,0,0,0,0,0,0,0,0,0,0
       "HD 114783 b",198.18243408,-2.2650399208,197.63552856,5.0351018906,0.0,0,0,0,0,0,0,0,0,0,0,0,0,0,0,0,0,0,0,0,0,0,0,0,0,0,0
       "HD 117618 b",203.10647583,-47.271362305,220.68421936,-34.61359787,27.0,0,0,0,0,0,0,0,0,0,0,2,0,0,0,0,0,0,0,0,0,0,0,0,0,0,0
        "HD 11964 b",29.290025711,-10.242427826,23.376195908,-20.771644592,27.0,0,0,1,0,0,0,0,0,0,0,0,0,0,0,0,0,0,0,0,0,0,0,0,0,0,0
       "HD 125595 b",215.34660339,-40.393947601,226.82131958,-24.79050827,27.0,0,0,0,0,0,0,0,0,0,0,1,0,0,0,0,0,0,0,0,0,0,0,0,0,0,0
       "HD 125612 d",215.22297668,-17.481521606,218.69885254,-3.2552421093,0.0,0,0,0,0,0,0,0,0,0,0,0,0,0,0,0,0,0,0,0,0,0,0,0,0,0,0
        "HD 12661 b",31.142866135,25.414304733,37.783653259,12.001375198,27.0,0,0,0,0,0,0,0,0,0,0,0,0,0,0,0,0,1,0,0,0,0,0,0,0,0,0
       "HD 134987 c",228.3694458,-25.309347153,232.75765991,-7.0913062096,27.0,0,0,0,0,0,0,0,0,0,0,1,0,0,0,0,0,0,0,0,0,0,0,0,0,0,0
        "HD 13908 b",34.560665131,65.594360352,59.483211517,47.9243927,27.0,0,0,0,0,0,0,0,0,0,0,0,0,0,0,0,0,0,2,0,0,0,0,0,0,0,0
       "HD 139357 b",233.81748962,53.922142029,198.24421692,68.527503967,81.0,0,0,0,0,0,0,0,0,0,0,0,0,0,0,0,0,0,0,0,0,0,3,3,3,0,0
        "HD 14067 b",34.293498993,23.767831802,39.954410553,9.4776144028,27.0,0,0,0,0,0,0,0,0,0,0,0,0,0,0,0,0,1,0,0,0,0,0,0,0,0,0
       "HD 142415 b",239.41996765,-60.200256348,251.08262634,-38.753555298,27.0,0,0,0,0,0,0,0,0,0,0,0,2,0,0,0,0,0,0,0,0,0,0,0,0,0,0
       "HD 145934 b",243.2911377,13.239476204,238.23893738,33.780582428,27.0,0,0,0,0,0,0,0,0,0,0,0,0,0,0,0,0,0,0,0,0,0,0,0,2,0,0
         "HD 1461 b",4.6744480133,-8.0530014038,1.0628190041,-9.2432346344,27.0,0,0,1,0,0,0,0,0,0,0,0,0,0,0,0,0,0,0,0,0,0,0,0,0,0,0
       "HD 147018 c",245.75061035,-61.688762665,255.38400269,-39.47429657,27.0,0,0,0,0,0,0,0,0,0,0,0,2,0,0,0,0,0,0,0,0,0,0,0,0,0,0
       "HD 148427 b",247.11729431,-13.399640083,247.52764893,8.2723064423,27.0,0,0,0,0,0,0,0,0,0,0,0,0,0,0,0,0,0,0,0,0,0,0,0,0,1,0
       "HD 152079 b",253.37390137,-46.332958221,257.54885864,-23.609731674,27.0,0,0,0,0,0,0,0,0,0,0,0,1,0,0,0,0,0,0,0,0,0,0,0,0,0,0
       "HD 154345 b",255.65168762,47.081882477,241.74311829,69.117866516,54.0,0,0,0,0,0,0,0,0,0,0,0,0,0,0,0,0,0,0,0,0,0,0,0,3,3,0
       "HD 154857 c",257.81552124,-56.680797577,262.00085449,-33.579353333,27.0,0,0,0,0,0,0,0,0,0,0,0,2,0,0,0,0,0,0,0,0,0,0,0,0,0,0
       "HD 156279 b",258.09667969,63.352092743,206.99378967,84.040817261,351.0,0,0,0,0,0,0,0,0,0,0,0,0,0,4,4,4,4,4,4,4,4,4,4,4,4,4
       "HD 158038 b",261.43930054,27.303340912,258.02664185,50.387420654,27.0,0,0,0,0,0,0,0,0,0,0,0,0,0,0,0,0,0,0,0,0,0,0,0,0,2,0
       "HD 159868 b",264.74801636,-43.145515442,265.93005371,-19.780395508,27.0,0,0,0,0,0,0,0,0,0,0,0,1,0,0,0,0,0,0,0,0,0,0,0,0,0,0
          "KELT-6 c",195.98187256,30.640050888,181.01266479,34.181674957,27.0,0,0,0,0,0,0,0,0,0,0,0,0,0,0,0,0,0,0,0,0,0,2,0,0,0,0
         "HD 1605 c",5.1313300133,30.974803925,17.854797363,26.211696625,27.0,0,0,0,0,0,0,0,0,0,0,0,0,0,0,0,1,0,0,0,0,0,0,0,0,0,0
       "HD 160691 c",266.03625488,-51.83405304,267.21578979,-28.433063507,27.0,0,0,0,0,0,0,0,0,0,0,0,1,0,0,0,0,0,0,0,0,0,0,0,0,0,0
       "HD 163607 b",268.41873169,56.391956329,265.04998779,79.804069519,351.0,0,0,0,0,0,0,0,0,0,0,0,0,0,4,4,4,4,4,4,4,4,4,4,4,4,4
        "HD 16417 b",39.244197845,-34.577976227,21.57519722,-46.709693909,54.0,0,0,2,2,0,0,0,0,0,0,0,0,0,0,0,0,0,0,0,0,0,0,0,0,0,0
       "HD 164604 b",270.77890015,-28.56064415,270.68685913,-5.1232099533,0.0,0,0,0,0,0,0,0,0,0,0,0,0,0,0,0,0,0,0,0,0,0,0,0,0,0,0
       "HD 167042 b",272.63183594,54.286552429,277.20501709,77.660011292,270.0,0,0,0,0,0,0,0,0,0,0,0,0,0,4,4,0,4,4,0,4,4,4,0,4,4,3
       "HD 169830 b",276.95617676,-29.816865921,276.07110596,-6.5240559578,27.0,0,0,0,0,0,0,0,0,0,0,0,0,1,0,0,0,0,0,0,0,0,0,0,0,0,0
        "HD 17092 b",41.59211731,49.653076172,55.230888367,31.890403748,27.0,0,0,0,0,0,0,0,0,0,0,0,0,0,0,0,0,0,2,0,0,0,0,0,0,0,0
       "HD 171028 b",278.06451416,6.945743084,279.26535034,30.126020432,27.0,0,0,0,0,0,0,0,0,0,0,0,0,0,0,0,0,0,0,0,0,0,0,0,0,0,2
       "HD 175541 b",283.92034912,4.2653250694,285.6131897,26.953256607,27.0,0,0,0,0,0,0,0,0,0,0,0,0,0,0,0,0,0,0,0,0,0,0,0,0,0,1
         "WASP-47 c",331.20303345,-12.018884659,328.99560547,-0.2085160017,0.0,0,0,0,0,0,0,0,0,0,0,0,0,0,0,0,0,0,0,0,0,0,0,0,0,0,0
         "WASP-41 c",190.61872864,-30.63986969,202.37875366,-23.861040115,27.0,0,0,0,0,0,0,0,0,0,1,0,0,0,0,0,0,0,0,0,0,0,0,0,0,0,0
        "HD 11755 b",29.708696365,73.152381897,63.839946747,55.181789398,27.0,0,0,0,0,0,0,0,0,0,0,0,0,0,0,0,0,0,3,0,0,0,0,0,0,0,0
        "HD 12648 b",34.748653412,85.736152649,82.015930176,63.907592773,54.0,0,0,0,0,0,0,0,0,0,0,0,0,0,0,0,0,0,3,3,0,0,0,0,0,0,0
        "HD 24064 b",59.151241302,74.080032349,76.776779175,52.056819916,54.0,0,0,0,0,0,0,0,0,0,0,0,0,0,0,0,0,0,2,2,0,0,0,0,0,0,0
           "8 UMi b",224.20147705,74.900924683,130.65910339,73.344909668,108.0,0,0,0,0,0,0,0,0,0,0,0,0,0,0,0,0,0,0,3,3,3,3,0,0,0,0
       "HD 155233 b",257.76818848,-20.654569626,258.55603027,2.3001079559,0.0,0,0,0,0,0,0,0,0,0,0,0,0,0,0,0,0,0,0,0,0,0,0,0,0,0,0
       "HD 118203 b",203.51057434,53.728530884,169.13076782,56.467479706,27.0,0,0,0,0,0,0,0,0,0,0,0,0,0,0,0,0,0,0,0,0,0,3,0,0,0,0
       "HD 143361 b",240.45977783,-44.43453598,247.46472168,-23.279195786,27.0,0,0,0,0,0,0,0,0,0,0,0,1,0,0,0,0,0,0,0,0,0,0,0,0,0,0
       "HD 192699 b",304.02502441,4.5807948112,307.52633667,23.696790695,27.0,0,0,0,0,0,0,0,0,0,0,0,0,0,1,0,0,0,0,0,0,0,0,0,0,0,0
       "Kepler-25 d",286.63839722,39.487892151,297.44586182,61.351272583,54.0,0,0,0,0,0,0,0,0,0,0,0,0,0,3,0,0,0,0,0,0,0,0,0,0,0,3
       "HD 143105 b",238.40232849,68.720115662,155.40382385,77.928611755,324.0,0,0,0,0,0,0,0,0,0,0,0,0,0,4,4,4,4,0,4,4,4,4,4,4,4,4
      "HIP 109600 b",333.02606201,29.065811157,347.65390015,37.115875244,27.0,0,0,0,0,0,0,0,0,0,0,0,0,0,0,2,0,0,0,0,0,0,0,0,0,0,0
        "HD 35759 b",82.888961792,64.318778992,85.92502594,40.980041504,27.0,0,0,0,0,0,0,0,0,0,0,0,0,0,0,0,0,0,0,2,0,0,0,0,0,0,0
      "HIP 109384 b",332.40582275,71.314331055,40.283908844,68.148574829,81.0,0,0,0,0,0,0,0,0,0,0,0,0,0,0,0,3,3,3,0,0,0,0,0,0,0,0
       "HD 220842 b",351.65411377,56.886528015,25.725072861,53.131595612,54.0,0,0,0,0,0,0,0,0,0,0,0,0,0,0,0,3,2,0,0,0,0,0,0,0,0,0
        "HD 12484 b",30.611373901,2.8158590794,29.491466522,-9.0465011597,27.0,0,0,0,1,0,0,0,0,0,0,0,0,0,0,0,0,0,0,0,0,0,0,0,0,0,0
       "HIP 65407 b",201.08766174,48.885093689,172.33111572,51.751636505,0.0,0,0,0,0,0,0,0,0,0,0,0,0,0,0,0,0,0,0,0,0,0,0,0,0,0,0
       "HIP 65407 c",201.08766174,48.885093689,172.33111572,51.751636505,0.0,0,0,0,0,0,0,0,0,0,0,0,0,0,0,0,0,0,0,0,0,0,0,0,0,0,0
       "HD 141399 b",236.72422791,46.986263275,211.83792114,63.859420776,54.0,0,0,0,0,0,0,0,0,0,0,0,0,0,0,0,0,0,0,0,0,0,0,3,3,0,0
       "HD 141399 c",236.72422791,46.986263275,211.83792114,63.859420776,54.0,0,0,0,0,0,0,0,0,0,0,0,0,0,0,0,0,0,0,0,0,0,0,3,3,0,0
      "BD+03 2562 b",177.56480408,2.7601420879,176.668396,1.5643459558,0.0,0,0,0,0,0,0,0,0,0,0,0,0,0,0,0,0,0,0,0,0,0,0,0,0,0,0
         "tau Cet g",26.017011642,-15.937479973,17.818603516,-24.815856934,27.0,0,0,1,0,0,0,0,0,0,0,0,0,0,0,0,0,0,0,0,0,0,0,0,0,0,0
         "tau Cet h",26.017011642,-15.937479973,17.818603516,-24.815856934,27.0,0,0,1,0,0,0,0,0,0,0,0,0,0,0,0,0,0,0,0,0,0,0,0,0,0,0
         "tau Cet e",26.017011642,-15.937479973,17.818603516,-24.815856934,27.0,0,0,1,0,0,0,0,0,0,0,0,0,0,0,0,0,0,0,0,0,0,0,0,0,0,0
         "tau Cet f",26.017011642,-15.937479973,17.818603516,-24.815856934,27.0,0,0,1,0,0,0,0,0,0,0,0,0,0,0,0,0,0,0,0,0,0,0,0,0,0,0
          "YZ Cet b",18.127668381,-16.998966217,9.782418251,-22.742195129,27.0,0,0,1,0,0,0,0,0,0,0,0,0,0,0,0,0,0,0,0,0,0,0,0,0,0,0
          "YZ Cet c",18.127668381,-16.998966217,9.782418251,-22.742195129,27.0,0,0,1,0,0,0,0,0,0,0,0,0,0,0,0,0,0,0,0,0,0,0,0,0,0,0
          "YZ Cet d",18.127668381,-16.998966217,9.782418251,-22.742195129,27.0,0,0,1,0,0,0,0,0,0,0,0,0,0,0,0,0,0,0,0,0,0,0,0,0,0,0
          "GJ 625 b",246.3526001,54.304103851,215.56491089,73.279136658,108.0,0,0,0,0,0,0,0,0,0,0,0,0,0,0,0,0,0,0,0,0,0,3,3,3,3,0
       "HD 208897 b",329.74871826,19.020301819,339.37631226,29.239852905,27.0,0,0,0,0,0,0,0,0,0,0,0,0,0,0,1,0,0,0,0,0,0,0,0,0,0,0
        "HD 34445 d",79.42074585,7.3533430099,79.098014832,-15.686472893,0.0,0,0,0,0,0,0,0,0,0,0,0,0,0,0,0,0,0,0,0,0,0,0,0,0,0,0
        "HD 34445 e",79.42074585,7.3533430099,79.098014832,-15.686472893,0.0,0,0,0,0,0,0,0,0,0,0,0,0,0,0,0,0,0,0,0,0,0,0,0,0,0,0
        "HD 34445 f",79.42074585,7.3533430099,79.098014832,-15.686472893,0.0,0,0,0,0,0,0,0,0,0,0,0,0,0,0,0,0,0,0,0,0,0,0,0,0,0,0
        "HD 34445 g",79.42074585,7.3533430099,79.098014832,-15.686472893,0.0,0,0,0,0,0,0,0,0,0,0,0,0,0,0,0,0,0,0,0,0,0,0,0,0,0,0
        "HD 76920 b",133.82006836,-67.265472412,202.53744507,-73.15940094,81.0,0,0,0,0,0,0,0,0,3,3,3,0,0,0,0,0,0,0,0,0,0,0,0,0,0,0
           "K2-18 c",172.56045532,7.5883908272,170.17124939,4.0200448036,0.0,0,0,0,0,0,0,0,0,0,0,0,0,0,0,0,0,0,0,0,0,0,0,0,0,0,0
         "GJ 3942 b",242.26309204,52.943874359,211.5052948,70.795227051,81.0,0,0,0,0,0,0,0,0,0,0,0,0,0,0,0,0,0,0,0,0,0,3,3,3,0,0
       "BD+48 740 b",40.74256897,48.93006134,54.322853088,31.408496857,27.0,0,0,0,0,0,0,0,0,0,0,0,0,0,0,0,0,0,2,0,0,0,0,0,0,0,0
        "HD 20794 e",49.981876373,-43.069782257,27.223466873,-58.111755371,54.0,0,0,3,3,0,0,0,0,0,0,0,0,0,0,0,0,0,0,0,0,0,0,0,0,0,0
       "HD 177565 b",286.71859741,-37.810657501,283.61901855,-15.158482552,27.0,0,0,0,0,0,0,0,0,0,0,0,0,1,0,0,0,0,0,0,0,0,0,0,0,0,0
        "HD 40956 b",91.663146973,63.453838348,90.970497131,40.020149231,27.0,0,0,0,0,0,0,0,0,0,0,0,0,0,0,0,0,0,0,2,0,0,0,0,0,0,0
       "HD 111591 b",192.57206726,22.863407135,181.87652588,25.865179062,27.0,0,0,0,0,0,0,0,0,0,0,0,0,0,0,0,0,0,0,0,0,0,1,0,0,0,0
       "HD 113996 b",196.79470825,27.624740601,183.40309143,31.819816589,27.0,0,0,0,0,0,0,0,0,0,0,0,0,0,0,0,0,0,0,0,0,0,2,0,0,0,0
          "TAP 26 b",64.715415955,17.387935638,65.88482666,-3.959608078,0.0,0,0,0,0,0,0,0,0,0,0,0,0,0,0,0,0,0,0,0,0,0,0,0,0,0,0
       "Kepler-20 g",287.69799805,42.338726044,300.71847534,63.9025383,54.0,0,0,0,0,0,0,0,0,0,0,0,0,0,3,0,0,0,0,0,0,0,0,0,0,0,3
"NGC 2682 Sand 978 b,132.8228302,11.756299019,131.96989441,-5.6641302109,0.0,0,0,0,0,0,0,0,0,0,0,0,0,0,0,0,0,0,0,0,0,0,0,0,0,0,0
         "GJ 3138 b",32.295425415,-16.33959198,23.842910767,-27.51996994,27.0,0,0,1,0,0,0,0,0,0,0,0,0,0,0,0,0,0,0,0,0,0,0,0,0,0,0
         "GJ 3138 c",32.295425415,-16.33959198,23.842910767,-27.51996994,27.0,0,0,1,0,0,0,0,0,0,0,0,0,0,0,0,0,0,0,0,0,0,0,0,0,0,0
         "GJ 3138 d",32.295425415,-16.33959198,23.842910767,-27.51996994,27.0,0,0,1,0,0,0,0,0,0,0,0,0,0,0,0,0,0,0,0,0,0,0,0,0,0,0
         "GJ 3323 b",75.489280701,-6.9462628365,73.38621521,-29.55248642,27.0,0,0,0,0,1,0,0,0,0,0,0,0,0,0,0,0,0,0,0,0,0,0,0,0,0,0
         "GJ 3323 c",75.489280701,-6.9462628365,73.38621521,-29.55248642,27.0,0,0,0,0,1,0,0,0,0,0,0,0,0,0,0,0,0,0,0,0,0,0,0,0,0,0
          "GJ 273 b",111.8520813,5.2257847786,112.74272919,-16.504850388,27.0,0,0,0,0,0,0,1,0,0,0,0,0,0,0,0,0,0,0,0,0,0,0,0,0,0,0
          "GJ 273 c",111.8520813,5.2257847786,112.74272919,-16.504850388,27.0,0,0,0,0,0,0,1,0,0,0,0,0,0,0,0,0,0,0,0,0,0,0,0,0,0,0
         "GJ 3293 d",67.14881897,-25.169300079,59.472877502,-46.216159821,27.0,0,0,0,0,2,0,0,0,0,0,0,0,0,0,0,0,0,0,0,0,0,0,0,0,0,0
         "GJ 3293 e",67.14881897,-25.169300079,59.472877502,-46.216159821,27.0,0,0,0,0,2,0,0,0,0,0,0,0,0,0,0,0,0,0,0,0,0,0,0,0,0,0
       "Kepler-19 d",290.4208374,37.851787567,302.35760498,59.018409729,54.0,0,0,0,0,0,0,0,0,0,0,0,0,0,3,0,0,0,0,0,0,0,0,0,0,0,3
       "HIP 67537 b",207.58082581,-39.900856018,220.51402283,-26.566841125,27.0,0,0,0,0,0,0,0,0,0,0,1,0,0,0,0,0,0,0,0,0,0,0,0,0,0,0
        "HD 27894 c",65.196029663,-59.410835266,20.870296478,-76.79284668,243.0,4,4,3,3,4,0,0,4,4,0,4,4,0,0,0,0,0,0,0,0,0,0,0,0,0,0
        "HD 27894 d",65.196029663,-59.410835266,20.870296478,-76.79284668,243.0,4,4,3,3,4,0,0,4,4,0,4,4,0,0,0,0,0,0,0,0,0,0,0,0,0,0
"TYC 4282-00605-1 b",343.8717041,62.239181519,27.535585403,59.69455719,54.0,0,0,0,0,0,0,0,0,0,0,0,0,0,0,0,3,3,0,0,0,0,0,0,0,0,0
         "GJ 1148 c",175.43597412,42.751972198,156.14807129,36.838993073,27.0,0,0,0,0,0,0,0,0,0,0,0,0,0,0,0,0,0,0,0,0,2,0,0,0,0,0
        "Ross 128 b",176.9349823,0.8045629859,176.86782837,-0.48034998775,0.0,0,0,0,0,0,0,0,0,0,0,0,0,0,0,0,0,0,0,0,0,0,0,0,0,0,0
       "HD 176986 b",285.7744751,-11.043926239,285.80215454,11.534218788,27.0,0,0,0,0,0,0,0,0,0,0,0,0,0,0,0,0,0,0,0,0,0,0,0,0,0,1
       "HD 176986 c",285.7744751,-11.043926239,285.80215454,11.534218788,27.0,0,0,0,0,0,0,0,0,0,0,0,0,0,0,0,0,0,0,0,0,0,0,0,0,0,1
       "HD 147379 b",244.17811584,67.238845825,164.32865906,79.919822693,297.0,0,0,0,0,0,0,0,0,0,0,0,0,0,4,0,4,4,4,4,4,4,4,4,4,0,4
       "HD 238914 b",279.58422852,59.253856659,305.20629883,81.509651184,351.0,0,0,0,0,0,0,0,0,0,0,0,0,0,4,4,4,4,4,4,4,4,4,4,4,4,4
"TYC 3318-01333-1 b",45.582458496,49.744159698,58.115722656,31.104167938,27.0,0,0,0,0,0,0,0,0,0,0,0,0,0,0,0,0,0,2,0,0,0,0,0,0,0,0
          "GJ 179 b",73.023864746,6.476539135,72.440162659,-15.933888435,27.0,0,0,0,0,1,0,0,0,0,0,0,0,0,0,0,0,0,0,0,0,0,0,0,0,0,0
         "HD 3167 d",8.7396841049,4.3814687729,9.7527475357,0.56315100193,0.0,0,0,0,0,0,0,0,0,0,0,0,0,0,0,0,0,0,0,0,0,0,0,0,0,0,0
        "HD 34445 c",79.42074585,7.3533430099,79.098014832,-15.686472893,0.0,0,0,0,0,0,0,0,0,0,0,0,0,0,0,0,0,0,0,0,0,0,0,0,0,0,0
       "HD 158996 b",259.90463257,80.136398315,97.215835571,76.169143677,189.0,0,0,0,0,0,0,0,0,0,0,0,0,0,4,0,0,4,4,3,3,4,0,0,4,0,0
        "HAT-P-11 c",297.70935059,48.080856323,321.54800415,66.629455566,54.0,0,0,0,0,0,0,0,0,0,0,0,0,0,3,3,0,0,0,0,0,0,0,0,0,0,0
        "CoRoT-20 c",97.720405579,0.22691899538,98.390930176,-22.987775803,27.0,0,0,0,0,0,1,0,0,0,0,0,0,0,0,0,0,0,0,0,0,0,0,0,0,0,0
         "HD 9174 b",22.504177094,-19.604501724,12.776157379,-26.824712753,27.0,0,0,1,0,0,0,0,0,0,0,0,0,0,0,0,0,0,0,0,0,0,0,0,0,0,0
        "HD 68402 b",121.34871674,-74.410415649,230.9861908,-77.167633057,243.0,0,4,4,0,0,4,4,0,4,4,3,4,4,0,0,0,0,0,0,0,0,0,0,0,0,0
        "HD 72892 b",128.71914673,-14.456693649,135.56497192,-31.976751328,27.0,0,0,0,0,0,0,0,2,0,0,0,0,0,0,0,0,0,0,0,0,0,0,0,0,0,0
       "HD 128356 b",219.27035522,-25.802562714,224.95909119,-9.9431934357,27.0,0,0,0,0,0,0,0,0,0,0,1,0,0,0,0,0,0,0,0,0,0,0,0,0,0,0
       "HD 147873 b",246.43814087,-33.567119598,250.11125183,-11.740394592,27.0,0,0,0,0,0,0,0,0,0,0,0,1,0,0,0,0,0,0,0,0,0,0,0,0,0,0
       "HD 147873 c",246.43814087,-33.567119598,250.11125183,-11.740394592,27.0,0,0,0,0,0,0,0,0,0,0,0,1,0,0,0,0,0,0,0,0,0,0,0,0,0,0
       "HD 165155 b",271.48895264,-29.917253494,271.29882812,-6.4846749306,27.0,0,0,0,0,0,0,0,0,0,0,0,0,1,0,0,0,0,0,0,0,0,0,0,0,0,0
       "HD 224538 b",359.71566772,-61.586772919,323.50485229,-53.70904541,54.0,2,3,0,0,0,0,0,0,0,0,0,0,0,0,0,0,0,0,0,0,0,0,0,0,0,0
       "HD 215152 b",340.83874512,-6.400821209,339.89501953,1.5737630129,0.0,0,0,0,0,0,0,0,0,0,0,0,0,0,0,0,0,0,0,0,0,0,0,0,0,0,0
       "HD 215152 c",340.83874512,-6.400821209,339.89501953,1.5737630129,0.0,0,0,0,0,0,0,0,0,0,0,0,0,0,0,0,0,0,0,0,0,0,0,0,0,0,0
       "HD 215152 d",340.83874512,-6.400821209,339.89501953,1.5737630129,0.0,0,0,0,0,0,0,0,0,0,0,0,0,0,0,0,0,0,0,0,0,0,0,0,0,0,0
       "HD 215152 e",340.83874512,-6.400821209,339.89501953,1.5737630129,0.0,0,0,0,0,0,0,0,0,0,0,0,0,0,0,0,0,0,0,0,0,0,0,0,0,0,0
         "gam Lib b",233.88157654,-14.789536476,235.13803101,4.3859291077,0.0,0,0,0,0,0,0,0,0,0,0,0,0,0,0,0,0,0,0,0,0,0,0,0,0,0,0
         "gam Lib c",233.88157654,-14.789536476,235.13803101,4.3859291077,0.0,0,0,0,0,0,0,0,0,0,0,0,0,0,0,0,0,0,0,0,0,0,0,0,0,0,0
          "24 Boo b",217.157547,49.844852448,185.92515564,58.888908386,54.0,0,0,0,0,0,0,0,0,0,0,0,0,0,0,0,0,0,0,0,0,0,3,3,0,0,0
        "HD 47366 b",99.419967651,-12.985116005,101.37716675,-36.053108215,27.0,0,0,0,0,0,2,0,0,0,0,0,0,0,0,0,0,0,0,0,0,0,0,0,0,0,0
        "HD 47366 c",99.419967651,-12.985116005,101.37716675,-36.053108215,27.0,0,0,0,0,0,2,0,0,0,0,0,0,0,0,0,0,0,0,0,0,0,0,0,0,0,0
        "HD 87646 b",151.66986084,17.895103455,147.35824585,5.870839119,0.0,0,0,0,0,0,0,0,0,0,0,0,0,0,0,0,0,0,0,0,0,0,0,0,0,0,0
       "Kepler-56 d",293.75836182,41.871868134,309.82192993,62.065948486,27.0,0,0,0,0,0,0,0,0,0,0,0,0,0,3,0,0,0,0,0,0,0,0,0,0,0,0
         "rho CrB b",240.26109314,33.303508759,227.18057251,52.413337708,27.0,0,0,0,0,0,0,0,0,0,0,0,0,0,0,0,0,0,0,0,0,0,0,0,2,0,0
        "HD 42618 b",93.002357483,6.7830739021,93.111488342,-16.623794556,0.0,0,0,0,0,0,0,0,0,0,0,0,0,0,0,0,0,0,0,0,0,0,0,0,0,0,0
       "HD 164922 c",270.62860107,26.313001633,270.87210083,49.750389099,54.0,0,0,0,0,0,0,0,0,0,0,0,0,0,0,0,0,0,0,0,0,0,0,0,0,2,2
         "rho CrB c",240.26109314,33.303508759,227.18057251,52.413337708,27.0,0,0,0,0,0,0,0,0,0,0,0,0,0,0,0,0,0,0,0,0,0,0,0,2,0,0
          "GJ 536 b",210.26329041,-2.6548640728,209.10467529,9.0767269135,27.0,0,0,0,0,0,0,0,0,0,0,0,0,0,0,0,0,0,0,0,0,0,0,1,0,0,0
    "IC 4651 9122 b",261.20861816,-49.948917389,263.6796875,-26.702329636,27.0,0,0,0,0,0,0,0,0,0,0,0,1,0,0,0,0,0,0,0,0,0,0,0,0,0,0
        "HD 26965 b",63.818000793,-7.6528711319,60.18321228,-28.422302246,27.0,0,0,0,0,1,0,0,0,0,0,0,0,0,0,0,0,0,0,0,0,0,0,0,0,0,0
        "HD 86950 b",150.40670776,-17.333023071,159.27880859,-27.442539215,54.0,0,0,0,0,0,0,0,1,1,0,0,0,0,0,0,0,0,0,0,0,0,0,0,0,0,0
       "HD 222076 b",354.53311157,-70.903358459,308.83966064,-58.714797974,27.0,3,0,0,0,0,0,0,0,0,0,0,0,0,0,0,0,0,0,0,0,0,0,0,0,0,0
      "Kepler-454 c",287.47851562,38.228866577,298.1307373,59.972667694,54.0,0,0,0,0,0,0,0,0,0,0,0,0,0,3,0,0,0,0,0,0,0,0,0,0,0,3
        "HD 17674 b",42.767852783,30.286739349,49.360771179,13.266160011,27.0,0,0,0,0,0,0,0,0,0,0,0,0,0,0,0,0,1,0,0,0,0,0,0,0,0,0
        "HD 42012 b",92.485275269,34.135299683,92.093406677,10.714067459,27.0,0,0,0,0,0,0,0,0,0,0,0,0,0,0,0,0,0,0,1,0,0,0,0,0,0,0
        "HD 29021 b",69.467590332,60.676197052,77.386238098,38.132892609,27.0,0,0,0,0,0,0,0,0,0,0,0,0,0,0,0,0,0,2,0,0,0,0,0,0,0,0
